"Numéro de la circonscription";"Numéro du candidat";"Nom";"Prénom";"Numéro du parti politique";"Abréviation du parti politique";"Nombre total de votes";"Taux de vote";"Nombre de votes en avance"
"648";"1375";"Dufour";"Pierre";"27";"C.A.Q.-É.F.L.";"8967";"42.72";"4877"
"648";"1732";"Larouche";"Élizabeth";"8";"P.Q.";"4090";"19.48";"0"
"648";"1385";"Bourgeois";"Guy";"6";"P.L.Q./Q.L.P.";"3936";"18.75";"0"
"648";"1721";"Cyr";"Lyne";"40";"Q.S.";"3287";"15.66";"0"
"648";"1872";"Paquette";"Mélina";"10";"P.V.Q./G.P.Q.";"356";"1.7";"0"
"648";"1876";"Caron";"Éric";"31";"C.P.Q.";"355";"1.69";"0"
"642";"1530";"Blais";"Suzanne";"27";"C.A.Q.-É.F.L.";"7680";"34.12";"194"
"642";"1693";"Vachon";"Sylvain";"8";"P.Q.";"7486";"33.26";"0"
"642";"1213";"Marquis";"Rose";"40";"Q.S.";"3735";"16.59";"0"
"642";"1984";"Veilleux";"Martin";"6";"P.L.Q./Q.L.P.";"2546";"11.31";"0"
"642";"1649";"Lévesque";"Stéphane";"31";"C.P.Q.";"388";"1.72";"0"
"642";"1608";"Couture";"Yan-Dominic";"10";"P.V.Q./G.P.Q.";"254";"1.13";"0"
"642";"2040";"Lacroix";"Eric";"22";"P.C.Q./C.P.Q.";"248";"1.1";"0"
"642";"2022";"Sylvestre";"Maxim";"0";"Ind";"172";"0.76";"0"
"338";"1292";"St-Pierre";"Christine";"6";"P.L.Q./Q.L.P.";"14305";"53.8";"9914"
"338";"1539";"Chiasson";"Sophie";"27";"C.A.Q.-É.F.L.";"4391";"16.51";"0"
"338";"1578";"Martinova-Croteau";"Viviane";"40";"Q.S.";"3656";"13.75";"0"
"338";"1887";"Sam";"Farida";"8";"P.Q.";"2394";"9.0";"0"
"338";"1698";"Sicotte";"Laurence";"10";"P.V.Q./G.P.Q.";"737";"2.77";"0"
"338";"1305";"Chouinard";"Jocelyn";"22";"P.C.Q./C.P.Q.";"579";"2.18";"0"
"338";"1538";"Welt";"Michel";"34";"N.P.D.Q.";"442";"1.66";"0"
"338";"1588";"Breton";"Yvon";"7";"P.M.L.Q.";"87";"0.33";"0"
"366";"1248";"Thériault";"Lise";"6";"P.L.Q./Q.L.P.";"10802";"39.06";"2807"
"366";"1218";"Gamelin";"Michèle";"27";"C.A.Q.-É.F.L.";"7995";"28.91";"0"
"366";"1427";"Dugal";"Karl";"8";"P.Q.";"4064";"14.7";"0"
"366";"1778";"Forget";"Marie-Josée";"40";"Q.S.";"4018";"14.53";"0"
"366";"2066";"Madani";"Hamza";"10";"P.V.Q./G.P.Q.";"519";"1.88";"0"
"366";"2011";"Henes";"Vincent";"34";"N.P.D.Q.";"256";"0.93";"0"
"520";"1284";"Grondin";"Agnès";"27";"C.A.Q.-É.F.L.";"11848";"38.88";"5405"
"520";"1367";"Côté";"Patrick";"8";"P.Q.";"6443";"21.14";"0"
"520";"1210";"Bigras-Denis";"Bernard";"6";"P.L.Q./Q.L.P.";"5306";"17.41";"0"
"520";"1699";"Lachapelle";"Céline";"40";"Q.S.";"3710";"12.17";"0"
"520";"1271";"St-Denis";"Yves";"0";"Ind";"1778";"5.83";"0"
"520";"2117";"Thériault";"Carole";"10";"P.V.Q./G.P.Q.";"552";"1.81";"0"
"520";"1266";"Edwards";"Sherwin";"22";"P.C.Q./C.P.Q.";"472";"1.55";"0"
"520";"2105";"Boyer";"Stéphanie";"38";"P.L.";"233";"0.76";"0"
"520";"2098";"Wiseman";"Louise";"31";"C.P.Q.";"135";"0.44";"0"
"144";"1194";"Lefebvre";"Éric";"27";"C.A.Q.-É.F.L.";"25640";"61.84";"20425"
"144";"1553";"Champigny-Fortier";"William";"40";"Q.S.";"5215";"12.58";"0"
"144";"1563";"Poirier";"Pierre";"6";"P.L.Q./Q.L.P.";"4707";"11.35";"0"
"144";"1820";"Daigle";"Jacques";"8";"P.Q.";"3897";"9.4";"0"
"144";"1398";"Guay Gaudreault";"Lisette";"22";"P.C.Q./C.P.Q.";"968";"2.33";"0"
"144";"2120";"Pelland";"Jean-Charles";"10";"P.V.Q./G.P.Q.";"620";"1.5";"0"
"144";"1185";"Landry";"Jean";"41";"A.P.Q.";"418";"1.01";"0"
"806";"1215";"Provençal";"Luc";"27";"C.A.Q.-É.F.L.";"20039";"66.37";"15310"
"806";"1179";"Taschereau";"Myriam";"6";"P.L.Q./Q.L.P.";"4729";"15.66";"0"
"806";"1706";"Dorval";"Fernand";"40";"Q.S.";"2131";"7.06";"0"
"806";"1794";"Perron";"Daniel";"8";"P.Q.";"1546";"5.12";"0"
"806";"1691";"Villeneuve";"Isabelle";"22";"P.C.Q./C.P.Q.";"1414";"4.68";"0"
"806";"1197";"Goulet";"Nicole";"31";"C.P.Q.";"334";"1.11";"0"
"802";"1503";"Poulin";"Samuel";"27";"C.A.Q.-É.F.L.";"20936";"62.68";"13978"
"802";"1190";"Busque";"Paul";"6";"P.L.Q./Q.L.P.";"6958";"20.83";"0"
"802";"1587";"Vincent";"Diane";"40";"Q.S.";"1934";"5.79";"0"
"802";"2004";"Grondin";"Guillaume";"8";"P.Q.";"1374";"4.11";"0"
"802";"1234";"Jovanovic";"Milan";"22";"P.C.Q./C.P.Q.";"830";"2.48";"0"
"802";"1465";"Mercier";"Hans";"37";"P51";"700";"2.1";"0"
"802";"1880";"Poulin";"Cassandre";"10";"P.V.Q./G.P.Q.";"500";"1.5";"0"
"802";"1770";"Paquet";"Jean";"31";"C.P.Q.";"170";"0.51";"0"
"218";"1345";"Reid";"Claude";"27";"C.A.Q.-É.F.L.";"14947";"46.7";"7952"
"218";"1923";"Théorêt";"Mireille";"8";"P.Q.";"6995";"21.86";"0"
"218";"1572";"St-Onge";"Pierre-Paul";"40";"Q.S.";"4816";"15.05";"0"
"218";"1502";"Rhéaume";"Félix";"6";"P.L.Q./Q.L.P.";"4069";"12.71";"0"
"218";"1101";"Mantion";"François";"34";"N.P.D.Q.";"459";"1.43";"0"
"218";"1669";"Mathieu";"Tommy";"31";"C.P.Q.";"429";"1.34";"0"
"218";"1909";"Campeau";"Yannick";"22";"P.C.Q./C.P.Q.";"288";"0.9";"0"
"822";"1219";"Lachance";"Stéphanie";"27";"C.A.Q.-É.F.L.";"16302";"53.85";"8079"
"822";"1378";"Vien";"Dominique";"6";"P.L.Q./Q.L.P.";"8223";"27.16";"0"
"822";"1483";"Comeau";"Benoit";"40";"Q.S.";"2272";"7.5";"0"
"822";"1863";"Béchard";"Benoît";"8";"P.Q.";"2198";"7.26";"0"
"822";"1235";"Messner";"Dominique";"22";"P.C.Q./C.P.Q.";"976";"3.22";"0"
"822";"1546";"Guay";"Simon";"2";"B.P.";"200";"0.66";"0"
"822";"1983";"Roy";"Sébastien";"41";"A.P.Q.";"103";"0.34";"0"
"566";"1552";"Proulx";"Caroline";"27";"C.A.Q.-É.F.L.";"18048";"45.13";"6481"
"566";"1589";"Villeneuve";"André";"8";"P.Q.";"11567";"28.92";"0"
"566";"1611";"Beaudry";"Louise";"40";"Q.S.";"6169";"15.43";"0"
"566";"1884";"Magnan";"Robert";"6";"P.L.Q./Q.L.P.";"3052";"7.63";"0"
"566";"1459";"St-Jean";"Jérôme";"10";"P.V.Q./G.P.Q.";"687";"1.72";"0"
"566";"1754";"Bourdon";"Rémi";"31";"C.P.Q.";"467";"1.17";"0"
"588";"1420";"Girault";"Nadine";"27";"C.A.Q.-É.F.L.";"13867";"41.55";"6052"
"588";"2044";"Lafrenière";"Gilbert";"8";"P.Q.";"7815";"23.41";"0"
"588";"1198";"Jaccoud";"Mylène";"40";"Q.S.";"6047";"18.12";"0"
"588";"1604";"de Passillé";"Diane";"6";"P.L.Q./Q.L.P.";"4471";"13.4";"0"
"588";"2038";"Alarie";"Natacha";"10";"P.V.Q./G.P.Q.";"613";"1.84";"0"
"588";"1935";"Laframboise";"Kathy";"22";"P.C.Q./C.P.Q.";"261";"0.78";"0"
"588";"2027";"Pigeon";"Benoît";"31";"C.P.Q.";"197";"0.59";"0"
"588";"2059";"Martin";"Benoit";"38";"P.L.";"107";"0.32";"0"
"536";"1358";"Laframboise";"Mario";"27";"C.A.Q.-É.F.L.";"20457";"48.27";"12375"
"536";"1576";"Carvalho";"Lucia";"6";"P.L.Q./Q.L.P.";"8082";"19.07";"0"
"536";"1191";"Lepage";"William";"40";"Q.S.";"6408";"15.12";"0"
"536";"1630";"Gousse";"Gabriel";"8";"P.Q.";"5744";"13.55";"0"
"536";"1434";"Fortier";"Valérie";"10";"P.V.Q./G.P.Q.";"1146";"2.7";"0"
"536";"1919";"Gervais";"Thierry";"34";"N.P.D.Q.";"286";"0.67";"0"
"536";"1809";"Bastien";"Jean";"31";"C.P.Q.";"254";"0.6";"0"
"850";"1411";"Roy";"Sylvain";"8";"P.Q.";"8416";"38.46";"2830"
"850";"1867";"Whittom";"François";"6";"P.L.Q./Q.L.P.";"5586";"25.53";"0"
"850";"1130";"Desaulniers";"Hélène";"27";"C.A.Q.-É.F.L.";"3502";"16.0";"0"
"850";"1743";"Cyr Wright";"Catherine";"40";"Q.S.";"3282";"15.0";"0"
"850";"2018";"Gallant";"Guy";"0";"Ind";"575";"2.63";"0"
"850";"1526";"Imhoff";"Heather";"10";"P.V.Q./G.P.Q.";"312";"1.43";"0"
"850";"1607";"Bouchard";"Daniel";"31";"C.P.Q.";"209";"0.96";"0"
"258";"1126";"Jolin-Barrette";"Simon";"27";"C.A.Q.-É.F.L.";"20852";"47.78";"11513"
"258";"1562";"G.-Ducharme";"Cédric";"8";"P.Q.";"9339";"21.4";"0"
"258";"1556";"Desharnais";"Annie";"40";"Q.S.";"6828";"15.65";"0"
"258";"1970";"Nichols";"Martin";"6";"P.L.Q./Q.L.P.";"5012";"11.48";"0"
"258";"1535";"Gravel";"Nicolas";"10";"P.V.Q./G.P.Q.";"836";"1.92";"0"
"258";"1285";"Lecompte";"André";"22";"P.C.Q./C.P.Q.";"290";"0.66";"0"
"258";"2128";"Martin";"André";"34";"N.P.D.Q.";"184";"0.42";"0"
"258";"1835";"Thévenot";"Stéphane";"31";"C.P.Q.";"164";"0.38";"0"
"258";"2112";"E.";"Razz";"2";"B.P.";"135";"0.31";"0"
"360";"1886";"Robitaille";"Paule";"6";"P.L.Q./Q.L.P.";"11456";"46.16";"5630"
"360";"1554";"Séide";"Julie";"27";"C.A.Q.-É.F.L.";"5826";"23.48";"0"
"360";"1216";"Zaga Mendez";"Alejandra";"40";"Q.S.";"3469";"13.98";"0"
"360";"1936";"Gauvin";"Karine";"8";"P.Q.";"2640";"10.64";"0"
"360";"2043";"Barros";"Karina";"10";"P.V.Q./G.P.Q.";"433";"1.74";"0"
"360";"1280";"Boissonneault";"Michel";"22";"P.C.Q./C.P.Q.";"363";"1.46";"0"
"360";"1827";"Louis";"Abed";"34";"N.P.D.Q.";"219";"0.88";"0"
"360";"2039";"Brunet";"Jean-François";"2";"B.P.";"177";"0.71";"0"
"360";"2002";"Laouadi";"Sabrinel";"36";"C.I.N.Q.";"142";"0.57";"0"
"360";"1343";"Ndzana";"Jean Marie Floriant";"0";"Ind";"92";"0.37";"0"
"370";"1209";"Campeau";"Richard";"27";"C.A.Q.-É.F.L.";"8870";"27.57";"500"
"370";"1230";"Kotto";"Maka";"8";"P.Q.";"8370";"26.01";"0"
"370";"1920";"Lessard";"Marlène";"40";"Q.S.";"7865";"24.44";"0"
"370";"1731";"Girard";"Vincent";"6";"P.L.Q./Q.L.P.";"6074";"18.88";"0"
"370";"1744";"Hassell-Crépeau";"Marieke";"10";"P.V.Q./G.P.Q.";"719";"2.23";"0"
"370";"1981";"Roy";"Dany";"31";"C.P.Q.";"200";"0.62";"0"
"370";"1807";"Brunelle";"Claude";"7";"P.M.L.Q.";"80";"0.25";"0"
"204";"1380";"Charest";"Isabelle";"27";"C.A.Q.-É.F.L.";"18407";"44.38";"8369"
"204";"1361";"Marini";"Ingrid";"6";"P.L.Q./Q.L.P.";"10038";"24.2";"0"
"204";"1394";"Legault";"Alexandre";"40";"Q.S.";"7167";"17.28";"0"
"204";"1278";"Larouche";"Andréanne";"8";"P.Q.";"4446";"10.72";"0"
"204";"1654";"Dionne";"Elisabeth";"10";"P.V.Q./G.P.Q.";"978";"2.36";"0"
"204";"1968";"Gamache";"Manon";"31";"C.P.Q.";"247";"0.6";"0"
"204";"1896";"Alarie";"Marc";"45";"V.P.";"190";"0.46";"0"
"238";"1314";"Roberge";"Jean-François";"27";"C.A.Q.-É.F.L.";"18940";"50.26";"12376"
"238";"1712";"Picard";"Christian";"8";"P.Q.";"6564";"17.42";"0"
"238";"1316";"Vigeant";"Francis";"40";"Q.S.";"6177";"16.39";"0"
"238";"1940";"Villeneuve";"François";"6";"P.L.Q./Q.L.P.";"4599";"12.2";"0"
"238";"2090";"Jannard";"Camille B.";"10";"P.V.Q./G.P.Q.";"683";"1.81";"0"
"238";"1509";"L'Heureux";"Guy";"22";"P.C.Q./C.P.Q.";"309";"0.82";"0"
"238";"2089";"Létourneau";"Gilles";"34";"N.P.D.Q.";"180";"0.48";"0"
"238";"2009";"Vachon";"Benjamin";"2";"B.P.";"167";"0.44";"0"
"238";"1824";"Guindon";"Gilles";"36";"C.I.N.Q.";"66";"0.18";"0"
"676";"1355";"Lebel";"Sonia";"27";"C.A.Q.-É.F.L.";"21154";"51.86";"13544"
"676";"1200";"Auger";"Pierre Michel";"6";"P.L.Q./Q.L.P.";"7610";"18.66";"0"
"676";"1457";"Roy Cullen";"Steven";"40";"Q.S.";"5285";"12.96";"0"
"676";"1425";"Leclerc";"Gaëtan";"8";"P.Q.";"4928";"12.08";"0"
"676";"1637";"Dufresne";"Stéphanie";"10";"P.V.Q./G.P.Q.";"789";"1.93";"0"
"676";"1922";"Fortin";"Pierre-Benoit";"22";"P.C.Q./C.P.Q.";"733";"1.8";"0"
"676";"2008";"Rouss";"Anthony";"2";"B.P.";"164";"0.4";"0"
"676";"1798";"Gauthier";"Éric";"29";"É.A.";"126";"0.31";"0"
"620";"1212";"Lévesque";"Mathieu";"27";"C.A.Q.-É.F.L.";"13057";"40.42";"2537"
"620";"1351";"Carrière";"Marc";"6";"P.L.Q./Q.L.P.";"10520";"32.57";"0"
"620";"1806";"Albert";"Alexandre";"40";"Q.S.";"5122";"15.86";"0"
"620";"1910";"Ippersiel";"Blake";"8";"P.Q.";"2922";"9.05";"0"
"620";"2118";"Tanguay";"Rowen";"22";"P.C.Q./C.P.Q.";"497";"1.54";"0"
"620";"1295";"Roy";"Françoise";"7";"P.M.L.Q.";"182";"0.56";"0"
"748";"1298";"Julien";"Jonatan";"27";"C.A.Q.-É.F.L.";"19985";"48.13";"10666"
"748";"1242";"Blais";"François";"6";"P.L.Q./Q.L.P.";"9319";"22.44";"0"
"748";"1349";"Germain";"Élisabeth";"40";"Q.S.";"5613";"13.52";"0"
"748";"1462";"Morin";"Annie";"8";"P.Q.";"4868";"11.72";"0"
"748";"1882";"Tremblay";"Valérie";"22";"P.C.Q./C.P.Q.";"1530";"3.68";"0"
"748";"1912";"Pelletier";"Daniel";"29";"É.A.";"212";"0.51";"0"
"760";"1440";"Foster";"Émilie";"27";"C.A.Q.-É.F.L.";"15761";"45.37";"7890"
"760";"1341";"Simard";"Caroline";"6";"P.L.Q./Q.L.P.";"7871";"22.66";"0"
"760";"1718";"Leclerc";"Nathalie";"8";"P.Q.";"6012";"17.31";"0"
"760";"1571";"Crossan";"Jessica";"40";"Q.S.";"4472";"12.87";"0"
"760";"1335";"Bouchard";"Andréanne";"34";"N.P.D.Q.";"330";"0.95";"0"
"760";"1714";"Chiasson";"Albert";"31";"C.P.Q.";"292";"0.84";"0"
"226";"1371";"Chassé";"Marie-Chantal";"27";"C.A.Q.-É.F.L.";"12259";"37.06";"1121"
"226";"1103";"Moreau";"Pierre";"6";"P.L.Q./Q.L.P.";"11138";"33.67";"0"
"226";"1831";"Garcia-McDiarmid";"Sandrine";"40";"Q.S.";"4236";"12.81";"0"
"226";"1622";"Thériault";"Jean-Philippe";"8";"P.Q.";"4055";"12.26";"0"
"226";"1475";"Stevenson";"Stephanie";"10";"P.V.Q./G.P.Q.";"624";"1.89";"0"
"226";"1623";"Benoit";"Jeff";"22";"P.C.Q./C.P.Q.";"458";"1.38";"0"
"226";"2028";"Masucci-Lauzon";"Marie-Ève";"34";"N.P.D.Q.";"310";"0.94";"0"
"754";"1336";"Lévesque";"Sylvain";"27";"C.A.Q.-É.F.L.";"18424";"47.06";"9627"
"754";"1596";"Tremblay";"Véronyque";"6";"P.L.Q./Q.L.P.";"8797";"22.47";"0"
"754";"1928";"Lajoie";"Francis";"40";"Q.S.";"4052";"10.35";"0"
"754";"1565";"Gagnon";"Jonathan";"8";"P.Q.";"3603";"9.2";"0"
"754";"1745";"Pouliot";"Adrien";"22";"P.C.Q./C.P.Q.";"3371";"8.61";"0"
"754";"1804";"Isufi";"Sabir";"10";"P.V.Q./G.P.Q.";"613";"1.57";"0"
"754";"1819";"Belleau";"Mona";"34";"N.P.D.Q.";"286";"0.73";"0"
"918";"1636";"Laforest";"Andrée";"27";"C.A.Q.-É.F.L.";"12123";"39.26";"4416"
"918";"1635";"Jean";"Mireille";"8";"P.Q.";"7707";"24.96";"0"
"918";"1716";"Morency";"Marie-Josée";"6";"P.L.Q./Q.L.P.";"6094";"19.74";"0"
"918";"1633";"Dostie";"Pierre";"40";"Q.S.";"3977";"12.88";"0"
"918";"1632";"Philippe";"Tommy";"10";"P.V.Q./G.P.Q.";"551";"1.78";"0"
"918";"1724";"Gagnon";"Léonard";"22";"P.C.Q./C.P.Q.";"426";"1.38";"0"
"460";"1189";"Ouellette";"Guy";"6";"P.L.Q./Q.L.P.";"15982";"52.68";"7968"
"460";"1259";"Abou-Khalil";"Alice";"27";"C.A.Q.-É.F.L.";"8014";"26.41";"0"
"460";"1943";"Beddad";"Ouerdia Nacera";"8";"P.Q.";"2301";"7.58";"0"
"460";"1841";"Moulla";"Rabah";"40";"Q.S.";"2144";"7.07";"0"
"460";"1821";"Keramarios";"Nick";"22";"P.C.Q./C.P.Q.";"1084";"3.57";"0"
"460";"2033";"Kabbaj";"Fatine";"10";"P.V.Q./G.P.Q.";"538";"1.77";"0"
"460";"1840";"El-Harrache";"Omar";"34";"N.P.D.Q.";"276";"0.91";"0"
"814";"1231";"Picard";"Marc";"27";"C.A.Q.-É.F.L.";"25777";"59.51";"19739"
"814";"1603";"Vaillancourt";"Ghyslain";"6";"P.L.Q./Q.L.P.";"6038";"13.94";"0"
"814";"1339";"Bolduc";"Olivier";"40";"Q.S.";"4950";"11.43";"0"
"814";"1268";"Bonin";"Serge";"8";"P.Q.";"4055";"9.36";"0"
"814";"1506";"Gaboury";"Philippe";"22";"P.C.Q./C.P.Q.";"1854";"4.28";"0"
"814";"1861";"Blais";"Stéphane";"31";"C.P.Q.";"341";"0.79";"0"
"814";"2067";"Henry";"Evelyne";"34";"N.P.D.Q.";"301";"0.69";"0"
"826";"1510";"Proulx";"Marie-Eve";"27";"C.A.Q.-É.F.L.";"17595";"53.64";"10383"
"826";"1350";"Laboissonnière";"Simon";"6";"P.L.Q./Q.L.P.";"7212";"21.99";"0"
"826";"1658";"Dufour";"Guillaume";"40";"Q.S.";"3560";"10.85";"0"
"826";"2012";"Forget";"Michel";"8";"P.Q.";"3315";"10.11";"0"
"826";"1501";"Roussin";"Marc";"22";"P.C.Q./C.P.Q.";"575";"1.75";"0"
"826";"1670";"Blais";"Renaud";"23";"P.N.";"304";"0.93";"0"
"826";"2136";"Dubé";"Gabriel";"2";"B.P.";"238";"0.73";"0"
"320";"1331";"Birnbaum";"David";"6";"P.L.Q./Q.L.P.";"19085";"74.32";"17224"
"320";"1839";"Kumuyange";"Jean-Claude";"40";"Q.S.";"1861";"7.25";"0"
"320";"1634";"Cohn";"Mélodie";"27";"C.A.Q.-É.F.L.";"1643";"6.4";"0"
"320";"1602";"Loran";"Yaniv";"22";"P.C.Q./C.P.Q.";"1153";"4.49";"0"
"320";"1825";"Alarco";"Jérémie";"10";"P.V.Q./G.P.Q.";"837";"3.26";"0"
"320";"1540";"Pion";"Eliane";"8";"P.Q.";"657";"2.56";"0"
"320";"2082";"Smit";"Leigh";"34";"N.P.D.Q.";"368";"1.43";"0"
"320";"1205";"Johnston";"Diane";"7";"P.M.L.Q.";"77";"0.3";"0"
"508";"1570";"Charette";"Benoit";"27";"C.A.Q.-É.F.L.";"16038";"47.44";"9574"
"508";"1388";"Goyer";"Daniel";"8";"P.Q.";"6464";"19.12";"0"
"508";"1918";"Lesage-Lanthier";"Audrey";"40";"Q.S.";"4912";"14.53";"0"
"508";"1765";"Diop";"Fabienne Fatou";"6";"P.L.Q./Q.L.P.";"4523";"13.38";"0"
"508";"1813";"Dagenais";"Isabelle";"10";"P.V.Q./G.P.Q.";"722";"2.14";"0"
"508";"1252";"Fodor";"Delia";"22";"P.C.Q./C.P.Q.";"368";"1.09";"0"
"508";"1426";"Paré";"Denis";"31";"C.P.Q.";"322";"0.95";"0"
"508";"1830";"Brulé";"Martin";"38";"P.L.";"253";"0.75";"0"
"508";"2030";"Roker Jr";"Hans";"2";"B.P.";"152";"0.45";"0"
"508";"2123";"Emond";"Eric";"36";"C.I.N.Q.";"52";"0.15";"0"
"138";"1102";"Schneeberger";"Sébastien";"27";"C.A.Q.-É.F.L.";"19577";"56.3";"14356"
"138";"1877";"Dinard";"Lannïck";"40";"Q.S.";"5221";"15.01";"0"
"138";"2121";"Deland";"Kevin";"6";"P.L.Q./Q.L.P.";"4527";"13.02";"0"
"138";"1871";"Roy";"Diane";"8";"P.Q.";"4360";"12.54";"0"
"138";"1180";"Picard";"Francois";"22";"P.C.Q./C.P.Q.";"733";"2.11";"0"
"138";"1858";"Marcoux";"Sylvain";"0";"Ind";"250";"0.72";"0"
"138";"1926";"Therion";"Steve";"29";"É.A.";"106";"0.3";"0"
"914";"1192";"Tremblay";"François";"27";"C.A.Q.-É.F.L.";"10535";"40.23";"4676"
"914";"1362";"Simard";"Serge";"6";"P.L.Q./Q.L.P.";"5859";"22.37";"0"
"914";"1365";"Fortin";"Marie-Annick";"8";"P.Q.";"5541";"21.16";"0"
"914";"1862";"Bienvenue";"Marie Francine";"40";"Q.S.";"3163";"12.08";"0"
"914";"1477";"Pelletier";"François";"22";"P.C.Q./C.P.Q.";"645";"2.46";"0"
"914";"1915";"Bélanger";"Line";"23";"P.N.";"445";"1.7";"0"
"902";"1237";"Richard";"Lorraine";"8";"P.Q.";"7023";"34.32";"127"
"902";"1272";"Cloutier";"Line";"27";"C.A.Q.-É.F.L.";"6896";"33.7";"0"
"902";"1382";"Méthot";"Laurence";"6";"P.L.Q./Q.L.P.";"3668";"17.92";"0"
"902";"1727";"Roux";"Martine";"40";"Q.S.";"2534";"12.38";"0"
"902";"1484";"Leblanc";"Alexandre";"22";"P.C.Q./C.P.Q.";"344";"1.68";"0"
"466";"1201";"Sauvé";"Monique";"6";"P.L.Q./Q.L.P.";"12147";"37.52";"1607"
"466";"1273";"Dudas";"Adriana";"27";"C.A.Q.-É.F.L.";"10540";"32.56";"0"
"466";"1651";"Lavigne";"Odette";"8";"P.Q.";"4372";"13.5";"0"
"466";"1811";"Yata";"Nora";"40";"Q.S.";"3487";"10.77";"0"
"466";"1458";"Gilbert-Parisée";"David";"10";"P.V.Q./G.P.Q.";"861";"2.66";"0"
"466";"1832";"Zuniga Lopez";"Juliett";"22";"P.C.Q./C.P.Q.";"688";"2.13";"0"
"466";"1995";"Mahmoodi";"Karim";"34";"N.P.D.Q.";"279";"0.86";"0"
"854";"1645";"Perry Mélançon";"Méganne";"8";"P.Q.";"6003";"33.41";"41"
"854";"1505";"Boulay";"Alexandre";"6";"P.L.Q./Q.L.P.";"5962";"33.18";"0"
"854";"1461";"LeBouthillier";"Louis";"27";"C.A.Q.-É.F.L.";"3521";"19.6";"0"
"854";"1551";"Dumont-Blanchet";"Alexis";"40";"Q.S.";"2482";"13.81";"0"
"614";"1304";"Bussière";"Robert";"27";"C.A.Q.-É.F.L.";"14586";"41.74";"3932"
"614";"1255";"Farrell";"Luce";"6";"P.L.Q./Q.L.P.";"10654";"30.49";"0"
"614";"1595";"Bernard";"Milan";"40";"Q.S.";"4517";"12.93";"0"
"614";"1580";"Carreiro-Benoit";"Jonathan";"8";"P.Q.";"3148";"9.01";"0"
"614";"1894";"Boychuk";"Jasper";"10";"P.V.Q./G.P.Q.";"1271";"3.64";"0"
"614";"1720";"Belec";"Mario";"22";"P.C.Q./C.P.Q.";"697";"1.99";"0"
"614";"1640";"Deschênes";"Alexandre";"7";"P.M.L.Q.";"71";"0.2";"0"
"346";"1575";"Nadeau-Dubois";"Gabriel";"40";"Q.S.";"17977";"59.14";"13454"
"346";"1664";"Gignac";"Olivier";"8";"P.Q.";"4523";"14.88";"0"
"346";"1574";"Lubrina";"Alessandra";"6";"P.L.Q./Q.L.P.";"3483";"11.46";"0"
"346";"1451";"Lebel";"Arianne";"27";"C.A.Q.-É.F.L.";"3011";"9.9";"0"
"346";"1657";"Sécheresse";"Alice";"10";"P.V.Q./G.P.Q.";"1049";"3.45";"0"
"346";"1823";"Cartwright";"Jenny";"23";"P.N.";"246";"0.81";"0"
"346";"1941";"da Silva";"Ana";"2";"B.P.";"110";"0.36";"0"
"206";"1360";"Bonnardel";"François";"27";"C.A.Q.-É.F.L.";"22570";"62.38";"17495"
"206";"1715";"Legault";"Anne-Sophie";"40";"Q.S.";"5075";"14.03";"0"
"206";"1495";"Laverdure";"Lyne";"6";"P.L.Q./Q.L.P.";"3881";"10.73";"0"
"206";"1303";"Beauchemin";"Chantal";"8";"P.Q.";"3491";"9.65";"0"
"206";"1549";"Poulin";"Daphné";"10";"P.V.Q./G.P.Q.";"531";"1.47";"0"
"206";"1354";"Bélanger";"Pierre";"22";"P.C.Q./C.P.Q.";"358";"0.99";"0"
"206";"2016";"Deschamps";"Stéphane";"23";"P.N.";"158";"0.44";"0"
"206";"2132";"Robidas";"Kevin";"2";"B.P.";"119";"0.33";"0"
"502";"1488";"Girard";"Eric";"27";"C.A.Q.-É.F.L.";"14771";"40.61";"7402"
"502";"1309";"Chartrand";"Sabrina";"6";"P.L.Q./Q.L.P.";"7369";"20.26";"0"
"502";"1456";"Torres";"Fabien";"40";"Q.S.";"6268";"17.23";"0"
"502";"1407";"Meloche";"Jean-Philippe";"8";"P.Q.";"5745";"15.8";"0"
"502";"1424";"Surprenant";"Claude";"0";"Ind";"812";"2.23";"0"
"502";"1496";"Dick";"Robin";"10";"P.V.Q./G.P.Q.";"802";"2.21";"0"
"502";"1652";"Aubé";"Vincent";"22";"P.C.Q./C.P.Q.";"368";"1.01";"0"
"502";"1739";"Lavoie";"Chantal";"31";"C.P.Q.";"235";"0.65";"0"
"352";"1290";"Leduc";"Alexandre";"40";"Q.S.";"13389";"50.05";"7079"
"352";"1468";"Poirier";"Carole";"8";"P.Q.";"6310";"23.59";"0"
"352";"1436";"Beaumier";"Sarah";"27";"C.A.Q.-É.F.L.";"3447";"12.89";"0"
"352";"1650";"Provencher-Proulx";"Julien";"6";"P.L.Q./Q.L.P.";"2766";"10.34";"0"
"352";"1597";"Baland";"Eric-Abel";"34";"N.P.D.Q.";"337";"1.26";"0"
"352";"2026";"Mallette";"Etienne";"2";"B.P.";"170";"0.64";"0"
"352";"1892";"Beaudoin";"Mathieu";"22";"P.C.Q./C.P.Q.";"164";"0.61";"0"
"352";"1815";"Boily";"Gabriel";"31";"C.P.Q.";"117";"0.44";"0"
"352";"1125";"Dandenault";"Christine";"7";"P.M.L.Q.";"52";"0.19";"0"
"602";"1246";"Gaudreault";"Maryse";"6";"P.L.Q./Q.L.P.";"10519";"33.76";"2281"
"602";"1463";"Bourdon";"Rachel";"27";"C.A.Q.-É.F.L.";"8238";"26.44";"0"
"602";"1486";"Renaud";"Benoit";"40";"Q.S.";"5764";"18.5";"0"
"602";"1568";"Nadeau";"Marysa";"8";"P.Q.";"4238";"13.6";"0"
"602";"1464";"Pilon";"Patricia";"10";"P.V.Q./G.P.Q.";"1099";"3.53";"0"
"602";"2131";"St-Jean";"Nichola";"34";"N.P.D.Q.";"721";"2.31";"0"
"602";"1329";"Chaussé";"Jean-Philippe";"22";"P.C.Q./C.P.Q.";"454";"1.46";"0"
"602";"2052";"Jetté";"Marco";"31";"C.P.Q.";"69";"0.22";"0"
"602";"1470";"Soublière";"Pierre";"7";"P.M.L.Q.";"56";"0.18";"0"
"216";"1444";"Isabelle";"Claire";"27";"C.A.Q.-É.F.L.";"10893";"37.69";"711"
"216";"1289";"Billette";"Stéphane";"6";"P.L.Q./Q.L.P.";"10182";"35.23";"0"
"216";"1490";"Hodgins-Ravensbergen";"Aiden";"40";"Q.S.";"3676";"12.72";"0"
"216";"1533";"Hébert";"Huguette";"8";"P.Q.";"3188";"11.03";"0"
"216";"1531";"Haliburton";"Victoria Mary";"10";"P.V.Q./G.P.Q.";"444";"1.54";"0"
"216";"2035";"Ouellette";"Jérémie";"22";"P.C.Q./C.P.Q.";"396";"1.37";"0"
"216";"2103";"Orme";"Charles";"34";"N.P.D.Q.";"126";"0.44";"0"
"210";"1274";"Samson";"Claire";"27";"C.A.Q.-É.F.L.";"15892";"47.62";"10035"
"210";"1204";"Dionne";"Nicolas";"8";"P.Q.";"5857";"17.55";"0"
"210";"1932";"Jetten-Vigeant";"Philippe";"40";"Q.S.";"5779";"17.32";"0"
"210";"2054";"Gaudreau";"Mylène";"6";"P.L.Q./Q.L.P.";"4106";"12.3";"0"
"210";"2001";"Kolatschek";"Michelle";"10";"P.V.Q./G.P.Q.";"631";"1.89";"0"
"210";"1320";"Benoit";"Serge";"22";"P.C.Q./C.P.Q.";"583";"1.75";"0"
"210";"1972";"Renaud";"Marc-André";"34";"N.P.D.Q.";"269";"0.81";"0"
"210";"2137";"Desjardins";"Dany";"2";"B.P.";"258";"0.77";"0"
"858";"1737";"Arseneau";"Joël";"8";"P.Q.";"2955";"38.65";"15"
"858";"1729";"Lapierre";"Maryse";"6";"P.L.Q./Q.L.P.";"2940";"38.46";"0"
"858";"1906";"Boudreau-Welsh";"Robert";"40";"Q.S.";"1036";"13.55";"0"
"858";"1897";"Renaud";"Yves";"27";"C.A.Q.-É.F.L.";"714";"9.34";"0"
"310";"1482";"Kelley";"Gregory";"6";"P.L.Q./Q.L.P.";"21133";"71.81";"18389"
"310";"1399";"Hilchey";"Karen";"27";"C.A.Q.-É.F.L.";"2744";"9.32";"0"
"310";"1961";"Polson";"Catherine";"10";"P.V.Q./G.P.Q.";"1981";"6.73";"0"
"310";"1930";"Chatel-Launay";"Nicolas";"40";"Q.S.";"1291";"4.39";"0"
"310";"1889";"Bourgeois";"Martine";"8";"P.Q.";"815";"2.77";"0"
"310";"1758";"Fortier";"Louis-Charles";"22";"P.C.Q./C.P.Q.";"762";"2.59";"0"
"310";"1519";"Séguin";"France";"34";"N.P.D.Q.";"555";"1.89";"0"
"310";"2032";"Daiev";"Teodor";"0";"Ind";"78";"0.27";"0"
"310";"1740";"Bouchard";"Cynthia";"31";"C.P.Q.";"72";"0.24";"0"
"736";"1517";"Zanetti";"Sol";"40";"Q.S.";"10331";"34.7";"699"
"736";"1347";"Gamache";"Christiane";"27";"C.A.Q.-É.F.L.";"9632";"32.35";"0"
"736";"1885";"Bourdon";"Gertrude";"6";"P.L.Q./Q.L.P.";"5335";"17.92";"0"
"736";"1701";"Vignola";"Claire";"8";"P.Q.";"2774";"9.32";"0"
"736";"1188";"Deblois";"Anne";"22";"P.C.Q./C.P.Q.";"520";"1.75";"0"
"736";"2115";"Côté";"Raymond";"34";"N.P.D.Q.";"399";"1.34";"0"
"736";"2062";"Paradis-Bellefeuille";"Alex";"10";"P.V.Q./G.P.Q.";"343";"1.15";"0"
"736";"1777";"Verreault-Lemieux";"Charles";"23";"P.N.";"192";"0.64";"0"
"736";"1868";"Deschênes";"Marie-Pierre";"31";"C.P.Q.";"149";"0.5";"0"
"736";"1942";"Bouffard-Savoie";"Nicolas";"29";"É.A.";"52";"0.17";"0"
"736";"1489";"Moreau";"Claude";"7";"P.M.L.Q.";"44";"0.15";"0"
"364";"1177";"Rotiroti";"Filomena";"6";"P.L.Q./Q.L.P.";"18215";"66.32";"13770"
"364";"1352";"Petrari";"Sarah";"27";"C.A.Q.-É.F.L.";"4445";"16.18";"0"
"364";"1577";"Seck";"Ismaël";"40";"Q.S.";"2237";"8.15";"0"
"364";"1707";"Bruneau";"Marie-Josée";"8";"P.Q.";"1523";"5.55";"0"
"364";"1711";"Hétu";"Sylvie";"10";"P.V.Q./G.P.Q.";"570";"2.08";"0"
"364";"1818";"Dallaire";"Sylvain";"22";"P.C.Q./C.P.Q.";"391";"1.42";"0"
"364";"1678";"Colly";"Garnet";"7";"P.M.L.Q.";"83";"0.3";"0"
"702";"1265";"Proulx";"Sébastien";"6";"P.L.Q./Q.L.P.";"11069";"32.58";"1363"
"702";"1307";"Boutin";"Joëlle";"27";"C.A.Q.-É.F.L.";"9706";"28.57";"0"
"702";"1432";"Provost";"Patrick";"40";"Q.S.";"6515";"19.18";"0"
"702";"1217";"Barrette";"Sylvain";"8";"P.Q.";"4912";"14.46";"0"
"702";"1847";"Bérubé";"Carl";"22";"P.C.Q./C.P.Q.";"620";"1.82";"0"
"702";"1700";"Diab";"Macarena";"10";"P.V.Q./G.P.Q.";"610";"1.8";"0"
"702";"1431";"Dahan";"Ali";"0";"Ind";"236";"0.69";"0"
"702";"1673";"Nadji";"Hamid";"34";"N.P.D.Q.";"197";"0.58";"0"
"702";"1852";"Pouleur";"Stéphane";"29";"É.A.";"64";"0.19";"0"
"702";"1481";"Boutet";"Ginette";"7";"P.M.L.Q.";"46";"0.14";"0"
"126";"1228";"Lamontagne";"André";"27";"C.A.Q.-É.F.L.";"20902";"52.96";"13851"
"126";"1656";"Saint-Cyr Lanoie";"Sarah";"40";"Q.S.";"7051";"17.87";"0"
"126";"1328";"Tétreault";"Jacques";"8";"P.Q.";"5194";"13.16";"0"
"126";"1979";"Vaes";"François";"6";"P.L.Q./Q.L.P.";"4362";"11.05";"0"
"126";"2095";"Coderre";"Émile";"10";"P.V.Q./G.P.Q.";"745";"1.89";"0"
"126";"1914";"Vignola";"Jean-François";"22";"P.C.Q./C.P.Q.";"630";"1.6";"0"
"126";"2097";"Leblanc-Marcil";"Andrew";"34";"N.P.D.Q.";"302";"0.77";"0"
"126";"2139";"Audet";"Yves";"31";"C.P.Q.";"280";"0.71";"0"
"570";"1386";"Hivon";"Véronique";"8";"P.Q.";"17685";"46.23";"4431"
"570";"1401";"St-Louis";"François";"27";"C.A.Q.-É.F.L.";"13254";"34.65";"0"
"570";"1838";"Sicard";"Judith";"40";"Q.S.";"3881";"10.15";"0"
"570";"1924";"Imbeault";"Emilie";"6";"P.L.Q./Q.L.P.";"2620";"6.85";"0"
"570";"1460";"St-Jean";"Étienne";"10";"P.V.Q./G.P.Q.";"528";"1.38";"0"
"570";"2129";"Dupuis";"Sébastien";"31";"C.P.Q.";"283";"0.74";"0"
"922";"1254";"Gaudreault";"Sylvain";"8";"P.Q.";"14887";"48.35";"4890"
"922";"1559";"Rochefort";"Benoit";"27";"C.A.Q.-É.F.L.";"9997";"32.47";"0"
"922";"2003";"Duguay";"Alexandre";"6";"P.L.Q./Q.L.P.";"3029";"9.84";"0"
"922";"1762";"Lapointe";"Marcel";"40";"Q.S.";"2242";"7.28";"0"
"922";"2109";"Voyer";"Jimmy";"22";"P.C.Q./C.P.Q.";"337";"1.09";"0"
"922";"2077";"Sion";"Julie";"10";"P.V.Q./G.P.Q.";"296";"0.96";"0"
"594";"1390";"Jeannotte";"Chantale";"27";"C.A.Q.-É.F.L.";"11784";"36.5";"599"
"594";"1077";"Pagé";"Sylvain";"8";"P.Q.";"11185";"34.64";"0"
"594";"1875";"Dagenais";"Gabriel";"40";"Q.S.";"4954";"15.34";"0"
"594";"1598";"Riopel";"Nadine";"6";"P.L.Q./Q.L.P.";"3524";"10.91";"0"
"594";"1612";"Fournier";"René";"10";"P.V.Q./G.P.Q.";"395";"1.22";"0"
"594";"1342";"Brosseau";"Francis";"22";"P.C.Q./C.P.Q.";"265";"0.82";"0"
"594";"1773";"Ostigny";"Régis";"31";"C.P.Q.";"181";"0.56";"0"
"926";"1557";"Girard";"Éric";"27";"C.A.Q.-É.F.L.";"11437";"39.46";"2299"
"926";"1270";"Fradette";"William";"8";"P.Q.";"9138";"31.53";"0"
"926";"1708";"Girard";"Manon";"40";"Q.S.";"4305";"14.85";"0"
"926";"2029";"Huot";"Mathieu";"6";"P.L.Q./Q.L.P.";"3630";"12.53";"0"
"926";"1494";"Grecoff";"Michael";"22";"P.C.Q./C.P.Q.";"272";"0.94";"0"
"926";"2031";"Gouin Huot";"Maude";"29";"É.A.";"199";"0.69";"0"
"390";"1249";"Tanguay";"Marc";"6";"P.L.Q./Q.L.P.";"14491";"58.8";"9091"
"390";"1416";"Bacchi";"Loredana";"27";"C.A.Q.-É.F.L.";"5400";"21.91";"0"
"390";"1717";"Touchette";"David";"40";"Q.S.";"2181";"8.85";"0"
"390";"1566";"Gauthier";"Claude";"8";"P.Q.";"2057";"8.35";"0"
"390";"1966";"Lavoie";"Caleb";"22";"P.C.Q./C.P.Q.";"434";"1.76";"0"
"390";"1247";"Le Seigle";"Yves";"7";"P.M.L.Q.";"80";"0.32";"0"
"720";"1413";"Caire";"Éric";"27";"C.A.Q.-É.F.L.";"23389";"57.73";"16660"
"720";"1689";"Lacasse";"Stéphane";"6";"P.L.Q./Q.L.P.";"6729";"16.61";"0"
"720";"1660";"Jobin-Lawler";"Alexandre";"40";"Q.S.";"4000";"9.87";"0"
"720";"1987";"Berberi";"Doni";"8";"P.Q.";"3050";"7.53";"0"
"720";"1387";"Plamondon";"Julie";"22";"P.C.Q./C.P.Q.";"1926";"4.75";"0"
"720";"1471";"Riedo";"Sandra Mara";"10";"P.V.Q./G.P.Q.";"700";"1.73";"0"
"720";"2093";"Bouchard";"Kevin";"23";"P.N.";"305";"0.75";"0"
"720";"1993";"Dauphinais";"Yohann";"31";"C.P.Q.";"266";"0.66";"0"
"720";"1641";"Michaud";"Josée Mélanie";"29";"É.A.";"85";"0.21";"0"
"720";"2055";"Wright";"Stephen";"37";"P51";"67";"0.17";"0"
"236";"1671";"Barrette";"Gaétan";"6";"P.L.Q./Q.L.P.";"15476";"47.07";"5996"
"236";"1423";"Baronian";"Sylvia";"27";"C.A.Q.-É.F.L.";"9480";"28.83";"0"
"236";"1853";"Pagès";"Marie";"40";"Q.S.";"3300";"10.04";"0"
"236";"1768";"Gagnon";"Suzanne";"8";"P.Q.";"2921";"8.88";"0"
"236";"1558";"Dini";"Aziza";"10";"P.V.Q./G.P.Q.";"585";"1.78";"0"
"236";"1233";"El Youbi";"Anwar";"22";"P.C.Q./C.P.Q.";"435";"1.32";"0"
"236";"1734";"Sellah";"Djaouida";"34";"N.P.D.Q.";"354";"1.08";"0"
"236";"1869";"Hayes";"Patrick";"0";"Ind";"168";"0.51";"0"
"236";"1962";"Hu";"Fang";"0";"Ind";"161";"0.49";"0"
"244";"1323";"Ménard";"Nicole";"6";"P.L.Q./Q.L.P.";"12514";"35.61";"2479"
"244";"1364";"Arel";"Jacinthe-Eve";"27";"C.A.Q.-É.F.L.";"10035";"28.56";"0"
"244";"1560";"Lefrançois";"Claude";"40";"Q.S.";"6007";"17.1";"0"
"244";"2046";"Lessard";"Annie";"8";"P.Q.";"4647";"13.22";"0"
"244";"2061";"Huet-Côté";"Sabrina";"10";"P.V.Q./G.P.Q.";"980";"2.79";"0"
"244";"1372";"Audet";"Marc André";"34";"N.P.D.Q.";"480";"1.37";"0"
"244";"1527";"Therrien";"Linda";"22";"P.C.Q./C.P.Q.";"475";"1.35";"0"
"232";"1822";"Dubé";"Christian";"27";"C.A.Q.-É.F.L.";"14511";"43.14";"6442"
"232";"1789";"Merlini";"Richard";"6";"P.L.Q./Q.L.P.";"8069";"23.99";"0"
"232";"1681";"Lepage";"Cathy";"8";"P.Q.";"5290";"15.73";"0"
"232";"1522";"Blouin";"Daniel";"40";"Q.S.";"4362";"12.97";"0"
"232";"1504";"Caron";"Alexandre";"10";"P.V.Q./G.P.Q.";"694";"2.06";"0"
"232";"2096";"Desmarais";"Alain";"22";"P.C.Q./C.P.Q.";"379";"1.13";"0"
"232";"2025";"Tall";"Boukare";"34";"N.P.D.Q.";"222";"0.66";"0"
"232";"1891";"Minato";"Liana";"37";"P51";"66";"0.2";"0"
"232";"1448";"Chouinard";"Normand";"7";"P.M.L.Q.";"41";"0.12";"0"
"554";"1879";"Legault";"François";"27";"C.A.Q.-É.F.L.";"18237";"57.03";"12812"
"554";"2007";"Brière";"Marie-Claude";"40";"Q.S.";"5425";"16.96";"0"
"554";"1883";"Langlois Brouillette";"Sylvie";"8";"P.Q.";"4625";"14.46";"0"
"554";"1817";"Bouchard";"Virginie";"6";"P.L.Q./Q.L.P.";"2558";"8.0";"0"
"554";"1803";"Bellavance";"Eve";"10";"P.V.Q./G.P.Q.";"596";"1.86";"0"
"554";"1695";"Tougas";"Sylvie";"31";"C.P.Q.";"363";"1.14";"0"
"554";"2006";"Everitt-Raynault";"Charles-Etienne";"22";"P.C.Q./C.P.Q.";"175";"0.55";"0"
"344";"1277";"Fontecilla";"Andrés";"40";"Q.S.";"14226";"47.28";"5301"
"344";"1269";"Tsantrizos";"George";"6";"P.L.Q./Q.L.P.";"8925";"29.66";"0"
"344";"1381";"Langelier";"Simon";"27";"C.A.Q.-É.F.L.";"2664";"8.85";"0"
"344";"1311";"Vadius";"Marie-Aline";"8";"P.Q.";"2344";"7.79";"0"
"344";"1400";"Petropoulos";"Apostolia";"34";"N.P.D.Q.";"574";"1.91";"0"
"344";"2101";"Vazquez";"Juan";"10";"P.V.Q./G.P.Q.";"530";"1.76";"0"
"344";"1584";"Yousuf";"Mohammad";"22";"P.C.Q./C.P.Q.";"354";"1.18";"0"
"344";"2065";"Thémis";"Chef Jean Louis";"42";"P.Cu.Q.";"169";"0.56";"0"
"344";"1996";"Marcil";"Mathieu";"23";"P.N.";"137";"0.46";"0"
"344";"1965";"St-Onge";"Hugô";"2";"B.P.";"73";"0.24";"0"
"344";"1890";"Lessard";"Eric";"31";"C.P.Q.";"60";"0.2";"0"
"344";"1955";"Malek";"Arezki";"7";"P.M.L.Q.";"35";"0.12";"0"
"454";"1187";"Polo";"Saul";"6";"P.L.Q./Q.L.P.";"10637";"31.54";"271"
"454";"1312";"Mitton";"Christine";"27";"C.A.Q.-É.F.L.";"10366";"30.73";"0"
"454";"1905";"Mateo";"Graciela";"40";"Q.S.";"5721";"16.96";"0"
"454";"1356";"Caron";"Jocelyn";"8";"P.Q.";"5195";"15.4";"0"
"454";"1395";"Obeo";"Estelle";"10";"P.V.Q./G.P.Q.";"738";"2.19";"0"
"454";"2042";"Larocque";"Benoit";"22";"P.C.Q./C.P.Q.";"361";"1.07";"0"
"454";"1950";"Bozsodi";"Bianca";"31";"C.P.Q.";"271";"0.8";"0"
"454";"1938";"Pharicien";"Jean Phariste";"34";"N.P.D.Q.";"257";"0.76";"0"
"454";"2051";"Progakis";"Elias";"38";"P.L.";"184";"0.55";"0"
"670";"1449";"Tardif";"Marie-Louise";"27";"C.A.Q.-É.F.L.";"16260";"45.41";"8820"
"670";"1377";"Giguère";"Pierre";"6";"P.L.Q./Q.L.P.";"7440";"20.78";"0"
"670";"1730";"Bruneau";"Jacynthe";"8";"P.Q.";"5611";"15.67";"0"
"670";"1668";"Cardin";"Christine";"40";"Q.S.";"5414";"15.12";"0"
"670";"1653";"Hamel";"Ugo";"22";"P.C.Q./C.P.Q.";"639";"1.78";"0"
"670";"1742";"Gosselin";"Jacques";"31";"C.P.Q.";"444";"1.24";"0"
"530";"1677";"Lecours";"Lucie";"27";"C.A.Q.-É.F.L.";"13818";"51.22";"7421"
"530";"1211";"Leblanc";"Marc-Olivier";"8";"P.Q.";"6397";"23.71";"0"
"530";"1214";"St-Jean";"Kévin";"40";"Q.S.";"3738";"13.85";"0"
"530";"2063";"Orellana-Pepin";"Vincent";"6";"P.L.Q./Q.L.P.";"2160";"8.01";"0"
"530";"2005";"Geynet";"Boris";"10";"P.V.Q./G.P.Q.";"434";"1.61";"0"
"530";"1368";"Laliberté";"Mathieu";"22";"P.C.Q./C.P.Q.";"293";"1.09";"0"
"530";"1900";"Stevens";"Mathieu";"38";"P.L.";"140";"0.52";"0"
"818";"1293";"Paradis";"François";"27";"C.A.Q.-É.F.L.";"19417";"57.29";"14516"
"818";"1606";"Abkey";"Abdulkadir";"6";"P.L.Q./Q.L.P.";"4901";"14.46";"0"
"818";"1452";"Goma";"Georges";"40";"Q.S.";"3979";"11.74";"0"
"818";"1514";"Morel";"Pierre-Gilles";"8";"P.Q.";"3475";"10.25";"0"
"818";"1202";"Walters";"Michel";"22";"P.C.Q./C.P.Q.";"931";"2.75";"0"
"818";"1616";"Bussière";"Maude";"10";"P.V.Q./G.P.Q.";"698";"2.06";"0"
"818";"1931";"Chartier";"Lorraine";"34";"N.P.D.Q.";"200";"0.59";"0"
"818";"1828";"Fournier";"Nancy";"31";"C.P.Q.";"174";"0.51";"0"
"818";"1648";"L'heureux-Blouin";"Stéphane";"2";"B.P.";"116";"0.34";"0"
"810";"1319";"Lecours";"Isabelle";"27";"C.A.Q.-É.F.L.";"20360";"53.78";"12618"
"810";"1447";"Daigle";"Pierre-Luc";"6";"P.L.Q./Q.L.P.";"7742";"20.45";"0"
"810";"1433";"Beaudet";"Normand";"40";"Q.S.";"3593";"9.49";"0"
"810";"1445";"Beaulieu";"Yohann";"8";"P.Q.";"3591";"9.49";"0"
"810";"1499";"Labbé";"Réjean";"22";"P.C.Q./C.P.Q.";"1410";"3.72";"0"
"810";"1500";"Dextraze";"Marie-Claude";"10";"P.V.Q./G.P.Q.";"655";"1.73";"0"
"810";"2084";"Roy";"Yves";"31";"C.P.Q.";"304";"0.8";"0"
"810";"1949";"Croteau";"Daniel";"37";"P51";"200";"0.53";"0"
"708";"1222";"Guilbault";"Geneviève";"27";"C.A.Q.-É.F.L.";"16248";"44.59";"6548"
"708";"1184";"Perron";"Julie-Maude";"6";"P.L.Q./Q.L.P.";"9700";"26.62";"0"
"708";"1511";"Beauregard";"Normand";"8";"P.Q.";"4529";"12.43";"0"
"708";"1771";"Boivin";"Guillaume";"40";"Q.S.";"4030";"11.06";"0"
"708";"1779";"Bjerke";"Natalie";"22";"P.C.Q./C.P.Q.";"841";"2.31";"0"
"708";"1759";"Vendette";"Daydree";"10";"P.V.Q./G.P.Q.";"550";"1.51";"0"
"708";"1916";"Côté";"Caroline";"34";"N.P.D.Q.";"276";"0.76";"0"
"708";"1944";"Bégin";"Vincent";"0";"Ind";"244";"0.67";"0"
"708";"1836";"Rouckout";"Jean-Luc";"29";"É.A.";"22";"0.06";"0"
"304";"1591";"David";"Hélène";"6";"P.L.Q./Q.L.P.";"15361";"53.39";"8605"
"304";"1626";"Michaud";"Vicky";"27";"C.A.Q.-É.F.L.";"6756";"23.48";"0"
"304";"1676";"St-Laurent";"Camille";"40";"Q.S.";"3095";"10.76";"0"
"304";"1846";"Desbiens";"Jeannot";"8";"P.Q.";"2430";"8.45";"0"
"304";"1256";"Louardiane";"Smail";"10";"P.V.Q./G.P.Q.";"675";"2.35";"0"
"304";"1975";"Elsayed";"Nashaat";"34";"N.P.D.Q.";"456";"1.58";"0"
"246";"1516";"Fournier";"Catherine";"8";"P.Q.";"8952";"30.82";"705"
"246";"1403";"Prévost";"Martyne";"27";"C.A.Q.-É.F.L.";"8247";"28.39";"0"
"246";"1097";"Lévesque";"Carl";"40";"Q.S.";"6295";"21.67";"0"
"246";"1288";"Ziadé";"Sonia";"6";"P.L.Q./Q.L.P.";"4418";"15.21";"0"
"246";"1507";"Poiré-Hill";"Laeticia";"10";"P.V.Q./G.P.Q.";"625";"2.15";"0"
"246";"1953";"de Grandpré-Ruel";"Myriam";"34";"N.P.D.Q.";"310";"1.07";"0"
"246";"1799";"Cedent";"Shirley";"36";"C.I.N.Q.";"98";"0.34";"0"
"246";"1182";"Chénier";"Pierre";"7";"P.M.L.Q.";"60";"0.21";"0"
"246";"1178";"Portron";"Florent";"29";"É.A.";"45";"0.15";"0"
"306";"1512";"Ciccone";"Enrico";"6";"P.L.Q./Q.L.P.";"11819";"42.99";"4026"
"306";"1321";"Hétu";"Marc";"27";"C.A.Q.-É.F.L.";"7793";"28.34";"0"
"306";"1548";"Perreault";"Anick";"40";"Q.S.";"3153";"11.47";"0"
"306";"1655";"Vincent";"Carole";"8";"P.Q.";"2139";"7.78";"0"
"306";"1405";"Salt";"Kimberly";"10";"P.V.Q./G.P.Q.";"1111";"4.04";"0"
"306";"1324";"Boye";"Olivia";"22";"P.C.Q./C.P.Q.";"599";"2.18";"0"
"306";"1662";"Symon";"John";"34";"N.P.D.Q.";"596";"2.17";"0"
"306";"1647";"Desjardins";"Patrick";"31";"C.P.Q.";"150";"0.55";"0"
"306";"2083";"Déry";"Roger";"0";"Ind";"134";"0.49";"0"
"666";"1391";"Allaire";"Simon";"27";"C.A.Q.-É.F.L.";"13199";"42.42";"4517"
"666";"1379";"Plante";"Marc H.";"6";"P.L.Q./Q.L.P.";"8682";"27.9";"0"
"666";"1408";"Morin";"Nicole";"8";"P.Q.";"3987";"12.81";"0"
"666";"1907";"Piotte";"Simon";"40";"Q.S.";"3764";"12.1";"0"
"666";"1977";"St-Yves";"Amélie";"10";"P.V.Q./G.P.Q.";"609";"1.96";"0"
"666";"1988";"Rousseau";"Maxime";"22";"P.C.Q./C.P.Q.";"463";"1.49";"0"
"666";"1332";"Bélanger";"Alain";"31";"C.P.Q.";"206";"0.66";"0"
"666";"2119";"Beaulieu Richard";"Jonathan";"0";"Ind";"204";"0.66";"0"
"548";"1195";"Lemay";"Mathieu";"27";"C.A.Q.-É.F.L.";"17565";"53.05";"11038"
"548";"1294";"Gadoury Hamelin";"Diane";"8";"P.Q.";"6527";"19.71";"0"
"548";"1541";"Durupt";"Stephane";"40";"Q.S.";"4451";"13.44";"0"
"548";"1985";"Beauchamp";"Maryanne";"6";"P.L.Q./Q.L.P.";"3606";"10.89";"0"
"548";"2024";"Dubois";"Véronique";"10";"P.V.Q./G.P.Q.";"699";"2.11";"0"
"548";"1760";"Morin";"David";"22";"P.C.Q./C.P.Q.";"263";"0.79";"0"
"842";"1478";"Bérubé";"Pascal";"8";"P.Q.";"20658";"69.46";"17279"
"842";"1704";"Quenum";"Mathieu";"27";"C.A.Q.-É.F.L.";"3379";"11.36";"0"
"842";"1749";"Fournier";"Annie";"6";"P.L.Q./Q.L.P.";"3351";"11.27";"0"
"842";"1963";"Boucher";"Marie-Phare";"40";"Q.S.";"1718";"5.78";"0"
"842";"1764";"Coulombe";"Pierre-Luc";"10";"P.V.Q./G.P.Q.";"358";"1.2";"0"
"842";"1927";"Vignola";"Paul-Émile";"22";"P.C.Q./C.P.Q.";"159";"0.53";"0"
"842";"2060";"Rioux";"Jocelyn";"31";"C.P.Q.";"118";"0.4";"0"
"340";"1199";"Montpetit";"Marie";"6";"P.L.Q./Q.L.P.";"9459";"29.52";"530"
"340";"1521";"Rebelo";"Raphaël";"40";"Q.S.";"8929";"27.86";"0"
"340";"1297";"Gauthier";"Manon";"27";"C.A.Q.-É.F.L.";"6330";"19.75";"0"
"340";"1534";"Lapointe";"Frédéric";"8";"P.Q.";"6131";"19.13";"0"
"340";"1826";"Fournelle";"Gilles";"10";"P.V.Q./G.P.Q.";"602";"1.88";"0"
"340";"2014";"Rémillard";"Jean";"34";"N.P.D.Q.";"216";"0.67";"0"
"340";"1726";"Dupuis";"Manon";"23";"P.N.";"214";"0.67";"0"
"340";"2013";"Ali";"Morgan";"2";"B.P.";"90";"0.28";"0"
"340";"1733";"St-Hilaire";"Daniel";"31";"C.P.Q.";"77";"0.24";"0"
"104";"1384";"Jacques";"François";"27";"C.A.Q.-É.F.L.";"12593";"47.53";"7336"
"104";"1223";"Roy";"Robert G.";"6";"P.L.Q./Q.L.P.";"5257";"19.84";"0"
"104";"1238";"Larrivée";"Andrée";"40";"Q.S.";"4228";"15.96";"0"
"104";"1722";"Blais";"Gloriane";"8";"P.Q.";"3325";"12.55";"0"
"104";"1393";"Dodier";"Sylvain";"10";"P.V.Q./G.P.Q.";"809";"3.05";"0"
"104";"1959";"Veilleux";"Richard";"31";"C.P.Q.";"281";"1.06";"0"
"350";"1524";"Ghazal";"Ruba";"40";"Q.S.";"15919";"54.5";"10747"
"350";"1229";"Collu";"Gabrielle";"6";"P.L.Q./Q.L.P.";"5172";"17.71";"0"
"350";"2034";"Blanc";"Michelle";"8";"P.Q.";"3542";"12.13";"0"
"350";"1665";"Gagné";"Johanne";"27";"C.A.Q.-É.F.L.";"2348";"8.04";"0"
"350";"1860";"Rochemont";"Stephanie";"10";"P.V.Q./G.P.Q.";"1102";"3.77";"0"
"350";"1843";"Thompson";"Conrad";"34";"N.P.D.Q.";"738";"2.53";"0"
"350";"1964";"Marcil";"Malou";"23";"P.N.";"233";"0.8";"0"
"350";"2000";"Proulx";"Ludovic";"22";"P.C.Q./C.P.Q.";"122";"0.42";"0"
"350";"1369";"Lachapelle";"Serge";"7";"P.M.L.Q.";"34";"0.12";"0"
"482";"1176";"Charbonneau";"Francine";"6";"P.L.Q./Q.L.P.";"10408";"35.82";"1206"
"482";"1334";"Barone";"Mauro";"27";"C.A.Q.-É.F.L.";"9202";"31.67";"0"
"482";"1308";"Lachance";"Michel";"8";"P.Q.";"4378";"15.07";"0"
"482";"1866";"Trudelle";"Jean";"40";"Q.S.";"3711";"12.77";"0"
"482";"1422";"Joseph";"Alain";"10";"P.V.Q./G.P.Q.";"822";"2.83";"0"
"482";"1624";"Cappelletti";"Dwayne";"38";"P.L.";"403";"1.39";"0"
"482";"1997";"D'Aoust";"Jason";"2";"B.P.";"134";"0.46";"0"
"514";"1224";"D'Amours";"Sylvie";"27";"C.A.Q.-É.F.L.";"21602";"54.63";"14440"
"514";"1414";"Beaudoin";"Denise";"8";"P.Q.";"7162";"18.11";"0"
"514";"1644";"Goudreau";"Marjolaine";"40";"Q.S.";"5916";"14.96";"0"
"514";"2050";"Arsenault Brideau";"Camille";"6";"P.L.Q./Q.L.P.";"3526";"8.92";"0"
"514";"2053";"Paiement";"Émilie";"10";"P.V.Q./G.P.Q.";"688";"1.74";"0"
"514";"1402";"Mounanga";"Désiré";"22";"P.C.Q./C.P.Q.";"296";"0.75";"0"
"514";"1937";"Laurin";"Vincent";"2";"B.P.";"231";"0.58";"0"
"514";"2087";"Vaca";"Patricia";"36";"C.I.N.Q.";"122";"0.31";"0"
"252";"1337";"Roy";"Nathalie";"27";"C.A.Q.-É.F.L.";"17368";"41.11";"7070"
"252";"1376";"Grisé Farand";"Ludovic";"6";"P.L.Q./Q.L.P.";"10298";"24.37";"0"
"252";"1472";"Michelin";"Daniel";"8";"P.Q.";"6820";"16.14";"0"
"252";"1713";"Charette";"Caroline";"40";"Q.S.";"6716";"15.9";"0"
"252";"2020";"Roy";"Lise";"34";"N.P.D.Q.";"836";"1.98";"0"
"252";"2078";"Dury";"Jean";"2";"B.P.";"214";"0.51";"0"
"742";"1643";"Simard";"Jean-François";"27";"C.A.Q.-É.F.L.";"20233";"50.87";"12836"
"742";"1357";"Trudel";"Marie France";"6";"P.L.Q./Q.L.P.";"7397";"18.6";"0"
"742";"1899";"Lamontagne";"Marie-Christine";"40";"Q.S.";"5225";"13.14";"0"
"742";"1296";"Huot";"Alexandre";"8";"P.Q.";"4221";"10.61";"0"
"742";"2023";"Beaulieu";"Daniel";"22";"P.C.Q./C.P.Q.";"1507";"3.79";"0"
"742";"1627";"Simard";"Jean-François";"0";"Ind";"561";"1.41";"0"
"742";"1638";"Lescarbeau";"Nicholas";"10";"P.V.Q./G.P.Q.";"558";"1.4";"0"
"742";"1487";"Bédard";"Jean";"7";"P.M.L.Q.";"69";"0.17";"0"
"336";"1325";"Arcand";"Pierre";"6";"P.L.Q./Q.L.P.";"16026";"51.34";"11206"
"336";"1850";"Torres";"Eve";"40";"Q.S.";"4820";"15.44";"0"
"336";"1639";"Gagnon";"Anne-Marie";"27";"C.A.Q.-É.F.L.";"4218";"13.51";"0"
"336";"2058";"Labelle";"Caroline";"8";"P.Q.";"3672";"11.76";"0"
"336";"1508";"Carbonneau";"Vincent J.";"10";"P.V.Q./G.P.Q.";"1344";"4.31";"0"
"336";"2094";"Clark";"Rebecca Anne";"34";"N.P.D.Q.";"548";"1.76";"0"
"336";"1327";"Pollak";"Yaakov";"22";"P.C.Q./C.P.Q.";"509";"1.63";"0"
"336";"1763";"Fournier";"Normand";"7";"P.M.L.Q.";"79";"0.25";"0"
"312";"1902";"Derraji";"Monsef";"6";"P.L.Q./Q.L.P.";"22421";"65.12";"16510"
"312";"1532";"Rapoport";"Angela";"27";"C.A.Q.-É.F.L.";"5911";"17.17";"0"
"312";"1774";"Tremblay-Pepin";"Simon";"40";"Q.S.";"1902";"5.52";"0"
"312";"1878";"Legendre";"Chantal";"8";"P.Q.";"1580";"4.59";"0"
"312";"1990";"Cammarrota";"Giuseppe";"10";"P.V.Q./G.P.Q.";"1040";"3.02";"0"
"312";"2126";"Levitsky-Kaminski";"Mathew";"22";"P.C.Q./C.P.Q.";"1038";"3.01";"0"
"312";"1800";"Murphy";"Leslie Eric";"34";"N.P.D.Q.";"537";"1.56";"0"
"150";"1239";"Martel";"Donald";"27";"C.A.Q.-É.F.L.";"15562";"55.29";"11139"
"150";"1814";"Allard";"Lucie";"8";"P.Q.";"4423";"15.71";"0"
"150";"1419";"Durand";"Marie-Claude";"6";"P.L.Q./Q.L.P.";"3539";"12.57";"0"
"150";"1441";"Poisson";"François";"40";"Q.S.";"3474";"12.34";"0"
"150";"1127";"Mc Nicoll";"Jessie";"22";"P.C.Q./C.P.Q.";"576";"2.05";"0"
"150";"1971";"Marcotte";"Vincent";"10";"P.V.Q./G.P.Q.";"403";"1.43";"0"
"150";"2114";"Blackburn";"Blak D.";"2";"B.P.";"170";"0.6";"0"
"324";"1474";"Weil";"Kathleen";"6";"P.L.Q./Q.L.P.";"16843";"62.98";"13677"
"324";"1812";"Gudmundsson";"Kathleen";"40";"Q.S.";"3166";"11.84";"0"
"324";"1599";"Dansereau";"Nathalie";"27";"C.A.Q.-É.F.L.";"2142";"8.01";"0"
"324";"1438";"Walcott";"Chad";"10";"P.V.Q./G.P.Q.";"1785";"6.67";"0"
"324";"1946";"Bélanger";"Lucie";"8";"P.Q.";"1460";"5.46";"0"
"324";"2015";"Gagnon";"David-Roger";"34";"N.P.D.Q.";"708";"2.65";"0"
"324";"1982";"Ftouh";"Souhail";"22";"P.C.Q./C.P.Q.";"405";"1.51";"0"
"324";"1302";"Nichols";"Cynthia";"0";"Ind";"151";"0.56";"0"
"324";"1435";"Hoffman";"Rachel";"7";"P.M.L.Q.";"82";"0.31";"0"
"120";"1467";"Bélanger";"Gilles";"27";"C.A.Q.-É.F.L.";"12117";"40.05";"4569"
"120";"1206";"Madore";"Guy";"6";"P.L.Q./Q.L.P.";"7548";"24.95";"0"
"120";"1992";"Lalumière-Ting";"Annabelle";"40";"Q.S.";"5406";"17.87";"0"
"120";"1631";"Leclerc";"Maxime";"8";"P.Q.";"3744";"12.38";"0"
"120";"1600";"Desmeules";"Stéphanie";"10";"P.V.Q./G.P.Q.";"881";"2.91";"0"
"120";"2056";"Tremblay-Bonsens";"Joseph";"22";"P.C.Q./C.P.Q.";"344";"1.14";"0"
"120";"1848";"Poulin";"Tommy";"31";"C.P.Q.";"211";"0.7";"0"
"626";"1567";"Lacombe";"Mathieu";"27";"C.A.Q.-É.F.L.";"16975";"46.93";"8617"
"626";"1748";"Iracà";"Alexandre";"6";"P.L.Q./Q.L.P.";"8358";"23.11";"0"
"626";"1585";"Pilon-Gauvin";"Mélanie";"40";"Q.S.";"5434";"15.02";"0"
"626";"1267";"Destroismaisons";"Yves";"8";"P.Q.";"3828";"10.58";"0"
"626";"2045";"Tardif";"Michel";"10";"P.V.Q./G.P.Q.";"547";"1.51";"0"
"626";"2069";"Godin";"Joanne";"22";"P.C.Q./C.P.Q.";"463";"1.28";"0"
"626";"1947";"Boyer";"Lynn";"31";"C.P.Q.";"252";"0.7";"0"
"626";"1776";"Yde";"Isabelle";"23";"P.N.";"227";"0.63";"0"
"626";"1904";"Flaus";"Claude";"37";"P51";"84";"0.23";"0"
"380";"1340";"Rouleau";"Chantal";"27";"C.A.Q.-É.F.L.";"10579";"38.96";"1834"
"380";"1492";"Aussant";"Jean-Martin";"8";"P.Q.";"8745";"32.2";"0"
"380";"1646";"Pereira";"Céline";"40";"Q.S.";"4036";"14.86";"0"
"380";"1767";"Ouellette";"Eric";"6";"P.L.Q./Q.L.P.";"3410";"12.56";"0"
"380";"2116";"Surette";"Pierre";"2";"B.P.";"218";"0.8";"0"
"380";"1183";"Chandonnet";"Louis";"29";"É.A.";"89";"0.33";"0"
"380";"1208";"Royer";"Geneviève";"7";"P.M.L.Q.";"79";"0.29";"0"
"608";"1245";"Fortin";"André";"6";"P.L.Q./Q.L.P.";"14869";"53.89";"9237"
"608";"1870";"Kamanyana";"Olive";"27";"C.A.Q.-É.F.L.";"5632";"20.41";"0"
"608";"2019";"Wilkie";"Julia";"40";"Q.S.";"2964";"10.74";"0"
"608";"2085";"Nivolon";"Marie-Claire";"8";"P.Q.";"1520";"5.51";"0"
"608";"1443";"Fleury";"Roger";"10";"P.V.Q./G.P.Q.";"919";"3.33";"0"
"608";"2079";"Roy";"Kenny";"22";"P.C.Q./C.P.Q.";"853";"3.09";"0"
"608";"2041";"Gendron";"Samuel";"34";"N.P.D.Q.";"795";"2.88";"0"
"608";"1439";"Lang";"Louis";"7";"P.M.L.Q.";"40";"0.14";"0"
"714";"1232";"Caron";"Vincent";"27";"C.A.Q.-É.F.L.";"15994";"54.31";"10435"
"714";"1333";"Gasse";"Philippe";"6";"P.L.Q./Q.L.P.";"5559";"18.88";"0"
"714";"1418";"Pelletier";"Odile";"40";"Q.S.";"3364";"11.42";"0"
"714";"1528";"Hébert";"Christian";"8";"P.Q.";"2727";"9.26";"0"
"714";"1128";"Morin";"Guy";"22";"P.C.Q./C.P.Q.";"1524";"5.17";"0"
"714";"1925";"Guimont";"Constance";"31";"C.P.Q.";"282";"0.96";"0"
"582";"1240";"Blais";"Marguerite";"27";"C.A.Q.-É.F.L.";"14876";"47.03";"7137"
"582";"1453";"St-Pierre Plamondon";"Paul";"8";"P.Q.";"7739";"24.47";"0"
"582";"1455";"Mayer";"Lucie";"40";"Q.S.";"4414";"13.96";"0"
"582";"1129";"Goyette";"Naömie";"6";"P.L.Q./Q.L.P.";"4063";"12.85";"0"
"582";"1844";"Mulcahy";"Malcolm";"22";"P.C.Q./C.P.Q.";"303";"0.96";"0"
"582";"1753";"Leclerc";"Michel";"38";"P.L.";"235";"0.74";"0"
"906";"1244";"Ouellet";"Martin";"8";"P.Q.";"8055";"42.22";"1623"
"906";"1688";"Desrosiers";"André";"27";"C.A.Q.-É.F.L.";"6432";"33.71";"0"
"906";"1529";"Lapointe";"Jonathan";"6";"P.L.Q./Q.L.P.";"2440";"12.79";"0"
"906";"1601";"Bourque";"Sandrine";"40";"Q.S.";"1948";"10.21";"0"
"906";"2073";"Barnabé";"Eric";"22";"P.C.Q./C.P.Q.";"204";"1.07";"0"
"560";"1374";"Lavallée";"Lise";"27";"C.A.Q.-É.F.L.";"18799";"49.74";"11698"
"560";"1493";"Tremblay";"Eric";"8";"P.Q.";"7101";"18.79";"0"
"560";"1865";"Huard";"Olivier";"40";"Q.S.";"5622";"14.87";"0"
"560";"1429";"Therrien";"Emilie";"6";"P.L.Q./Q.L.P.";"5166";"13.67";"0"
"560";"2134";"Hebib";"Chafika";"10";"P.V.Q./G.P.Q.";"441";"1.17";"0"
"560";"1864";"Girard";"Julie";"31";"C.P.Q.";"357";"0.94";"0"
"560";"2138";"Lacombe";"Pierre";"22";"P.C.Q./C.P.Q.";"309";"0.82";"0"
"264";"1410";"Emond";"Jean-Bernard";"27";"C.A.Q.-É.F.L.";"15258";"49.79";"8196"
"264";"1406";"Rochon";"Sylvain";"8";"P.Q.";"7062";"23.05";"0"
"264";"1275";"Pagé Sabourin";"Sophie";"40";"Q.S.";"4101";"13.38";"0"
"264";"1661";"Chevalier";"Sophie";"6";"P.L.Q./Q.L.P.";"3456";"11.28";"0"
"264";"1851";"Svetoushkina";"Ksenia";"10";"P.V.Q./G.P.Q.";"402";"1.31";"0"
"264";"1845";"Corriveau";"Patrick";"22";"P.C.Q./C.P.Q.";"364";"1.19";"0"
"132";"1696";"Bachand";"André";"27";"C.A.Q.-É.F.L.";"17011";"39.64";"8509"
"132";"1663";"Godbout";"Annie";"6";"P.L.Q./Q.L.P.";"8502";"19.81";"0"
"132";"1613";"Landry";"Colombe";"40";"Q.S.";"8110";"18.9";"0"
"132";"1454";"Vigneault";"Véronique";"8";"P.Q.";"7654";"17.84";"0"
"132";"1590";"La Madeleine";"Yves";"10";"P.V.Q./G.P.Q.";"680";"1.58";"0"
"132";"2010";"Brousseau";"Karl";"22";"P.C.Q./C.P.Q.";"600";"1.4";"0"
"132";"1675";"Gendron";"Déitane";"31";"C.P.Q.";"353";"0.82";"0"
"838";"1243";"Lebel";"Harold";"8";"P.Q.";"13940";"43.92";"6037"
"838";"1326";"Levesque";"Nancy";"27";"C.A.Q.-É.F.L.";"7903";"24.9";"0"
"838";"1301";"Kack";"Carol-Ann";"40";"Q.S.";"5531";"17.43";"0"
"838";"1397";"Laroche";"Claude";"6";"P.L.Q./Q.L.P.";"3914";"12.33";"0"
"838";"2125";"Plourde";"Alexie";"10";"P.V.Q./G.P.Q.";"220";"0.69";"0"
"838";"1264";"Bélanger";"Denis";"0";"Ind";"123";"0.39";"0"
"838";"1842";"Levesque";"Dany";"2";"B.P.";"106";"0.33";"0"
"834";"1430";"Tardif";"Denis";"27";"C.A.Q.-É.F.L.";"13439";"39.18";"1962"
"834";"1207";"D'Amour";"Jean";"6";"P.L.Q./Q.L.P.";"11477";"33.46";"0"
"834";"1241";"Couture";"Vincent";"8";"P.Q.";"5230";"15.25";"0"
"834";"1076";"Cadôret";"Goulimine Sylvie";"40";"Q.S.";"3783";"11.03";"0"
"834";"1973";"Perron";"Martin";"22";"P.C.Q./C.P.Q.";"373";"1.09";"0"
"316";"1579";"Leitão";"Carlos J.";"6";"P.L.Q./Q.L.P.";"22426";"73.85";"18988"
"316";"1586";"Azéroual";"Laura";"27";"C.A.Q.-É.F.L.";"3438";"11.32";"0"
"316";"1856";"Williams";"Zachary";"40";"Q.S.";"1317";"4.34";"0"
"316";"1736";"Pierre-Lys";"Marie-Imalta";"8";"P.Q.";"994";"3.27";"0"
"316";"2122";"Coppa";"Michael-Louis";"22";"P.C.Q./C.P.Q.";"921";"3.03";"0"
"316";"1857";"Richardson";"Catherine";"10";"P.V.Q./G.P.Q.";"781";"2.57";"0"
"316";"1766";"Brown";"Luca";"34";"N.P.D.Q.";"488";"1.61";"0"
"930";"1479";"Couillard";"Philippe";"6";"P.L.Q./Q.L.P.";"11807";"42.46";"5088"
"930";"1491";"Trudel";"Denise";"27";"C.A.Q.-É.F.L.";"6719";"24.16";"0"
"930";"1409";"Gaudreault";"Thomas";"8";"P.Q.";"5290";"19.02";"0"
"930";"1808";"Cauchon";"Luc-Antoine";"40";"Q.S.";"2975";"10.7";"0"
"930";"1227";"Lamontagne";"Carl";"22";"P.C.Q./C.P.Q.";"478";"1.72";"0"
"930";"1874";"Boucher";"Julie";"31";"C.P.Q.";"305";"1.1";"0"
"930";"1859";"Lalancette";"Lynda";"23";"P.N.";"236";"0.85";"0"
"356";"1412";"Marissal";"Vincent";"40";"Q.S.";"12920";"35.25";"2500"
"356";"1203";"Lisée";"Jean-François";"8";"P.Q.";"10420";"28.43";"0"
"356";"1980";"La Rosa";"Agata";"6";"P.L.Q./Q.L.P.";"6148";"16.77";"0"
"356";"1281";"Cormier";"Sonya";"27";"C.A.Q.-É.F.L.";"5703";"15.56";"0"
"356";"2074";"Dubois";"Karl";"10";"P.V.Q./G.P.Q.";"521";"1.42";"0"
"356";"2070";"Ayala";"Paulina";"34";"N.P.D.Q.";"314";"0.86";"0"
"356";"2075";"Raymond-Poirier";"Catherine";"23";"P.N.";"225";"0.61";"0"
"356";"1989";"Liendo";"Alexandra";"22";"P.C.Q./C.P.Q.";"217";"0.59";"0"
"356";"1550";"Laperrière";"Coralie";"2";"B.P.";"130";"0.35";"0"
"356";"1497";"Chénier";"Stéphane";"7";"P.M.L.Q.";"55";"0.15";"0"
"576";"1719";"Thouin";"Louis-Charles";"27";"C.A.Q.-É.F.L.";"14464";"53.24";"7304"
"576";"1609";"Marceau";"Nicolas";"8";"P.Q.";"7160";"26.35";"0"
"576";"1383";"Dubé";"Hélène";"40";"Q.S.";"3531";"13.0";"0"
"576";"1829";"Watson";"Patrick";"6";"P.L.Q./Q.L.P.";"1419";"5.22";"0"
"576";"1976";"Lacasse";"Michel";"31";"C.P.Q.";"323";"1.19";"0"
"576";"1396";"Evanko";"Richard";"22";"P.C.Q./C.P.Q.";"271";"1.0";"0"
"636";"1735";"Lessard-Therrien";"Émilise";"40";"Q.S.";"9304";"32.08";"506"
"636";"1415";"Bélanger";"Jérémy G.";"27";"C.A.Q.-É.F.L.";"8798";"30.33";"0"
"636";"1605";"Chapadeau";"Gilles";"8";"P.Q.";"5311";"18.31";"0"
"636";"1629";"Blanchette";"Luc";"6";"P.L.Q./Q.L.P.";"4753";"16.39";"0"
"636";"1775";"Wells";"Jessica";"10";"P.V.Q./G.P.Q.";"389";"1.34";"0"
"636";"1957";"Lanouette";"Guillaume";"22";"P.C.Q./C.P.Q.";"253";"0.87";"0"
"636";"1929";"St-Georges";"Fernand";"31";"C.P.Q.";"195";"0.67";"0"
"110";"1291";"Hébert";"Geneviève";"27";"C.A.Q.-É.F.L.";"13524";"34.73";"4450"
"110";"1159";"Poulin";"Charles";"6";"P.L.Q./Q.L.P.";"9074";"23.3";"0"
"110";"1667";"Côté";"Kévin";"40";"Q.S.";"8833";"22.68";"0"
"110";"1392";"Masson";"Solange";"8";"P.Q.";"6304";"16.19";"0"
"110";"1515";"Morin";"Mathieu";"10";"P.V.Q./G.P.Q.";"691";"1.77";"0"
"110";"1741";"Mc Elreavy";"Cyrille";"31";"C.P.Q.";"514";"1.32";"0"
"326";"1186";"Anglade";"Dominique";"6";"P.L.Q./Q.L.P.";"11837";"38.06";"4424"
"326";"1723";"Racette";"Benoit";"40";"Q.S.";"7413";"23.83";"0"
"326";"1318";"Hamel";"Sylvie";"27";"C.A.Q.-É.F.L.";"5809";"18.68";"0"
"326";"1582";"Ella-Oyono";"Dieudonné";"8";"P.Q.";"3568";"11.47";"0"
"326";"1994";"Duford";"Jean-Pierre";"10";"P.V.Q./G.P.Q.";"1009";"3.24";"0"
"326";"1518";"Scott";"Steven";"34";"N.P.D.Q.";"690";"2.22";"0"
"326";"1998";"Orchard";"Caroline";"22";"P.C.Q./C.P.Q.";"380";"1.22";"0"
"326";"2086";"Gagnon-Paquin";"Félix";"2";"B.P.";"202";"0.65";"0"
"326";"1895";"Young";"Christopher";"36";"C.I.N.Q.";"103";"0.33";"0"
"326";"1725";"Sullivan";"Linda";"7";"P.M.L.Q.";"91";"0.29";"0"
"260";"1338";"Soucy";"Chantal";"27";"C.A.Q.-É.F.L.";"21227";"52.0";"14401"
"260";"1544";"Demers";"Marijo";"40";"Q.S.";"6826";"16.72";"0"
"260";"1542";"Breton";"Daniel";"8";"P.Q.";"6524";"15.98";"0"
"260";"1346";"Pelletier";"Annie";"6";"P.L.Q./Q.L.P.";"5758";"14.11";"0"
"260";"2081";"Chulak";"Luc";"34";"N.P.D.Q.";"486";"1.19";"0"
"212";"1849";"Lemieux";"Louis";"27";"C.A.Q.-É.F.L.";"16789";"39.5";"3618"
"212";"1175";"Turcotte";"Dave";"8";"P.Q.";"13171";"30.99";"0"
"212";"1948";"Lalonde";"Simon";"40";"Q.S.";"6137";"14.44";"0"
"212";"1752";"Parent";"Vanessa";"6";"P.L.Q./Q.L.P.";"4946";"11.64";"0"
"212";"1446";"Langlois";"Véronique";"10";"P.V.Q./G.P.Q.";"694";"1.63";"0"
"212";"1442";"Perreault";"Philippe";"22";"P.C.Q./C.P.Q.";"368";"0.87";"0"
"212";"1680";"St-Jacques";"Louis";"31";"C.P.Q.";"240";"0.56";"0"
"212";"1974";"Ruel";"Geneviève";"34";"N.P.D.Q.";"159";"0.37";"0"
"526";"1674";"Chassin";"Youri";"27";"C.A.Q.-É.F.L.";"17225";"43.74";"6425"
"526";"1196";"Bourcier";"Marc";"8";"P.Q.";"10800";"27.42";"0"
"526";"1945";"Duhaime";"Ève";"40";"Q.S.";"6243";"15.85";"0"
"526";"1469";"Poulin";"Antoine";"6";"P.L.Q./Q.L.P.";"3534";"8.97";"0"
"526";"1908";"Desrochers";"Annabelle";"10";"P.V.Q./G.P.Q.";"677";"1.72";"0"
"526";"1181";"Michaud";"Normand";"22";"P.C.Q./C.P.Q.";"345";"0.88";"0"
"526";"1625";"Brien";"Sylvie";"31";"C.P.Q.";"294";"0.75";"0"
"526";"1757";"Simon";"Christine";"34";"N.P.D.Q.";"141";"0.36";"0"
"526";"2110";"Starnino";"Giuseppe";"38";"P.L.";"123";"0.31";"0"
"318";"1537";"Rizqy";"Marwah";"6";"P.L.Q./Q.L.P.";"17669";"61.97";"13347"
"318";"1520";"Baaklini";"Marc";"27";"C.A.Q.-É.F.L.";"4322";"15.16";"0"
"318";"1833";"Pigeon";"Marie Josèphe";"40";"Q.S.";"2458";"8.62";"0"
"318";"1236";"Nicolas";"Elias Dib";"8";"P.Q.";"1846";"6.47";"0"
"318";"1917";"Morissette";"Guy";"22";"P.C.Q./C.P.Q.";"863";"3.03";"0"
"318";"2017";"Bah";"Halimatou";"10";"P.V.Q./G.P.Q.";"849";"2.98";"0"
"318";"1710";"Dago";"Jacques";"34";"N.P.D.Q.";"432";"1.52";"0"
"318";"1685";"Deschamps";"Fernand";"7";"P.M.L.Q.";"75";"0.26";"0"
"330";"1621";"Massé";"Manon";"40";"Q.S.";"12429";"49.28";"7094"
"330";"1555";"Charron";"Louis";"6";"P.L.Q./Q.L.P.";"5335";"21.15";"0"
"330";"1703";"Drouin";"Jennifer";"8";"P.Q.";"3528";"13.99";"0"
"330";"1619";"Klisko";"Anna";"27";"C.A.Q.-É.F.L.";"2773";"10.99";"0"
"330";"2072";"Calderon";"Anna";"10";"P.V.Q./G.P.Q.";"881";"3.49";"0"
"330";"2064";"Ivanski";"Don";"22";"P.C.Q./C.P.Q.";"130";"0.52";"0"
"330";"1728";"Ladouceur";"Henri";"2";"B.P.";"73";"0.29";"0"
"330";"2049";"Cossette-Trudel";"Alexis";"31";"C.P.Q.";"72";"0.29";"0"
"470";"1306";"Skeete";"Christopher";"27";"C.A.Q.-É.F.L.";"13491";"36.84";"2462"
"470";"1220";"Habel";"Jean";"6";"P.L.Q./Q.L.P.";"11029";"30.12";"0"
"470";"1888";"Constantin";"Marc-André";"8";"P.Q.";"5309";"14.5";"0"
"470";"1692";"Charron";"Simon";"40";"Q.S.";"5082";"13.88";"0"
"470";"1282";"Bergevin";"Caroline";"10";"P.V.Q./G.P.Q.";"923";"2.52";"0"
"470";"1805";"Blanchard";"Benoit";"22";"P.C.Q./C.P.Q.";"423";"1.16";"0"
"470";"1933";"Giguère";"Alain";"34";"N.P.D.Q.";"250";"0.68";"0"
"470";"1999";"Louis-Charles";"Valérie";"36";"C.I.N.Q.";"110";"0.3";"0"
"230";"1873";"McCann";"Danielle";"27";"C.A.Q.-É.F.L.";"12986";"43.54";"5597"
"230";"1258";"Therrien";"Alain";"8";"P.Q.";"7389";"24.77";"0"
"230";"1837";"Fréchette-Bonnier";"Maya";"40";"Q.S.";"4390";"14.72";"0"
"230";"1755";"Jugureanu";"Marcelina";"6";"P.L.Q./Q.L.P.";"4169";"13.98";"0"
"230";"2130";"Geraci";"Antonino";"10";"P.V.Q./G.P.Q.";"456";"1.53";"0"
"230";"1257";"Grigoriev";"Nikolai";"22";"P.C.Q./C.P.Q.";"355";"1.19";"0"
"230";"1253";"Héroux";"Hélène";"7";"P.M.L.Q.";"81";"0.27";"0"
"116";"1450";"Labrie";"Christine";"40";"Q.S.";"12315";"34.27";"3450"
"116";"1317";"Fortin";"Luc";"6";"P.L.Q./Q.L.P.";"8865";"24.67";"0"
"116";"1592";"Vachon";"Bruno";"27";"C.A.Q.-É.F.L.";"8403";"23.39";"0"
"116";"1225";"Rousseau";"Guillaume";"8";"P.Q.";"5244";"14.59";"0"
"116";"1480";"Côté-Rouleau";"Marie-Maud";"10";"P.V.Q./G.P.Q.";"423";"1.18";"0"
"116";"1801";"Lebrasseur";"Éric";"31";"C.P.Q.";"162";"0.45";"0"
"116";"2100";"Louis-Jean";"Mona";"34";"N.P.D.Q.";"141";"0.39";"0"
"116";"2091";"Richard";"Sara";"23";"P.N.";"140";"0.39";"0"
"116";"1854";"Lainé";"Luc";"0";"Ind";"95";"0.26";"0"
"116";"2133";"Roy";"Jossy";"2";"B.P.";"83";"0.23";"0"
"116";"2108";"Tétreault";"Patrick";"0";"Ind";"61";"0.17";"0"
"220";"1279";"Picard";"Marilyne";"27";"C.A.Q.-É.F.L.";"15307";"39.23";"2142"
"220";"1193";"Charlebois";"Lucie";"6";"P.L.Q./Q.L.P.";"13165";"33.74";"0"
"220";"1772";"Larue-Bourdages";"Maxime";"40";"Q.S.";"4508";"11.55";"0"
"220";"1986";"D.-Henry";"Samuelle";"8";"P.Q.";"4001";"10.25";"0"
"220";"1939";"Jitaru";"Bianca";"10";"P.V.Q./G.P.Q.";"729";"1.87";"0"
"220";"1523";"Madelein";"Etienne";"34";"N.P.D.Q.";"424";"1.09";"0"
"220";"2127";"Trombino";"Felice";"22";"P.C.Q./C.P.Q.";"322";"0.83";"0"
"220";"1756";"Prud'homme";"Dominik";"31";"C.P.Q.";"292";"0.75";"0"
"220";"1954";"Berthiaume";"Jean-Patrick";"2";"B.P.";"205";"0.53";"0"
"220";"1543";"Marquis";"Patrick";"29";"É.A.";"65";"0.17";"0"
"250";"1437";"Carmant";"Lionel";"27";"C.A.Q.-É.F.L.";"12186";"33.76";"2048"
"250";"1618";"Lamarre";"Diane";"8";"P.Q.";"10138";"28.08";"0"
"250";"1466";"Blanchard";"Manon";"40";"Q.S.";"6382";"17.68";"0"
"250";"1313";"Barhone";"Mohammed";"6";"P.L.Q./Q.L.P.";"6042";"16.74";"0"
"250";"1536";"Cadieux Walker";"Mel-Lyna";"10";"P.V.Q./G.P.Q.";"766";"2.12";"0"
"250";"2099";"Leduc";"Jonathan";"34";"N.P.D.Q.";"349";"0.97";"0"
"250";"2107";"Verty";"Gerardin";"22";"P.C.Q./C.P.Q.";"235";"0.65";"0"
"730";"1299";"Dorion";"Catherine";"40";"Q.S.";"15373";"42.52";"8511"
"730";"1373";"Solomykina";"Svetlana";"27";"C.A.Q.-É.F.L.";"6862";"18.98";"0"
"730";"1913";"Tanlet";"Florent";"6";"P.L.Q./Q.L.P.";"6387";"17.66";"0"
"730";"1564";"Lavallée";"Diane";"8";"P.Q.";"6379";"17.64";"0"
"730";"1583";"Grégoire";"Élisabeth";"10";"P.V.Q./G.P.Q.";"534";"1.48";"0"
"730";"1991";"Pouliot";"Nicolas";"23";"P.N.";"201";"0.56";"0"
"730";"1751";"Duguay";"Roger";"34";"N.P.D.Q.";"196";"0.54";"0"
"730";"1620";"Lavoie";"Christian";"31";"C.P.Q.";"152";"0.42";"0"
"730";"1417";"Boivin";"Guy";"29";"É.A.";"73";"0.2";"0"
"542";"1485";"Fitzgibbon";"Pierre";"27";"C.A.Q.-É.F.L.";"17638";"42.97";"5532"
"542";"1370";"Traversy";"Mathieu";"8";"P.Q.";"12106";"29.49";"0"
"542";"1593";"B-Godbout";"Anne";"40";"Q.S.";"5279";"12.86";"0"
"542";"1697";"Selam";"Margaux";"6";"P.L.Q./Q.L.P.";"4976";"12.12";"0"
"542";"1901";"Dubois";"Carole";"10";"P.V.Q./G.P.Q.";"522";"1.27";"0"
"542";"2047";"Néron";"Jules";"22";"P.C.Q./C.P.Q.";"287";"0.7";"0"
"542";"1855";"Goyette";"Mathieu";"31";"C.P.Q.";"244";"0.59";"0"
"660";"1956";"Boulet";"Jean";"27";"C.A.Q.-É.F.L.";"15323";"41.07";"6801"
"660";"1366";"Girard";"Jean-Denis";"6";"P.L.Q./Q.L.P.";"8522";"22.84";"0"
"660";"1810";"Delage";"Valérie";"40";"Q.S.";"6411";"17.18";"0"
"660";"1363";"Camirand";"Marie-Claude";"8";"P.Q.";"5758";"15.43";"0"
"660";"2106";"Simidzija";"Adis";"10";"P.V.Q./G.P.Q.";"653";"1.75";"0"
"660";"1353";"Hénault";"Daniel";"22";"P.C.Q./C.P.Q.";"639";"1.71";"0"
"938";"1344";"Lamothe";"Denis";"27";"C.A.Q.-É.F.L.";"2270";"26.51";"46"
"938";"1315";"Mattson";"Jonathan";"8";"P.Q.";"2224";"25.97";"0"
"938";"1628";"Boucher";"Jean";"6";"P.L.Q./Q.L.P.";"2134";"24.92";"0"
"938";"1750";"Tukkiapik";"Alisha";"40";"Q.S.";"1416";"16.53";"0"
"938";"2104";"Croteau";"Alexandre";"22";"P.C.Q./C.P.Q.";"192";"2.24";"0"
"938";"1694";"Roos";"Cristina";"10";"P.V.Q./G.P.Q.";"183";"2.14";"0"
"938";"1978";"Couture";"Louis R.";"34";"N.P.D.Q.";"145";"1.69";"0"
"240";"1610";"Lafrenière";"Ian";"27";"C.A.Q.-É.F.L.";"15625";"43.61";"8089"
"240";"1545";"Caron";"Linda";"6";"P.L.Q./Q.L.P.";"7536";"21.03";"0"
"240";"1581";"Ney";"Patrick";"8";"P.Q.";"6106";"17.04";"0"
"240";"1098";"Vincent";"André";"40";"Q.S.";"5194";"14.5";"0"
"240";"1881";"Lecourtois";"Ian";"34";"N.P.D.Q.";"453";"1.26";"0"
"240";"1746";"des Greniers";"Lise";"22";"P.C.Q./C.P.Q.";"436";"1.22";"0"
"240";"2135";"Bluntss";"Hugo";"2";"B.P.";"278";"0.78";"0"
"240";"1709";"Marginean";"Stéphane";"31";"C.P.Q.";"200";"0.56";"0"
"726";"1428";"Asselin";"Mario";"27";"C.A.Q.-É.F.L.";"18267";"45.1";"7916"
"726";"1276";"Huot";"Patrick";"6";"P.L.Q./Q.L.P.";"10351";"25.56";"0"
"726";"1286";"Voisine";"Monique";"40";"Q.S.";"4946";"12.21";"0"
"726";"2048";"Duquette";"William";"8";"P.Q.";"4028";"9.95";"0"
"726";"1310";"Fortin";"Alain";"22";"P.C.Q./C.P.Q.";"1454";"3.59";"0"
"726";"1615";"Raymond";"Samuel";"10";"P.V.Q./G.P.Q.";"668";"1.65";"0"
"726";"2057";"Côté";"Carl";"0";"Ind";"299";"0.74";"0"
"726";"1952";"Poliquin";"Carl-André";"23";"P.N.";"245";"0.6";"0"
"726";"1967";"Dallaire";"David";"31";"C.P.Q.";"242";"0.6";"0"
"224";"1547";"Nichols";"Marie-Claude";"6";"P.L.Q./Q.L.P.";"15143";"39.92";"2765"
"224";"1322";"Bourbonnais";"Claude";"27";"C.A.Q.-É.F.L.";"12378";"32.63";"0"
"224";"1969";"Lapalme";"Philip";"8";"P.Q.";"3813";"10.05";"0"
"224";"2036";"Erchov";"Igor";"40";"Q.S.";"3811";"10.05";"0"
"224";"1389";"Mossa";"Jason";"10";"P.V.Q./G.P.Q.";"1026";"2.7";"0"
"224";"1816";"Robertson";"Ryan";"22";"P.C.Q./C.P.Q.";"644";"1.7";"0"
"224";"1802";"Young";"Ryan";"34";"N.P.D.Q.";"568";"1.5";"0"
"224";"1642";"Pilon";"Daniel";"31";"C.P.Q.";"343";"0.9";"0"
"224";"2088";"Piché-Jetté";"Camille";"2";"B.P.";"206";"0.54";"0"
"256";"1221";"Dansereau";"Suzanne";"27";"C.A.Q.-É.F.L.";"17073";"37.49";"827"
"256";"1525";"Bergeron";"Stéphane";"8";"P.Q.";"16246";"35.67";"0"
"256";"1679";"Péloquin";"Jean-René";"40";"Q.S.";"6723";"14.76";"0"
"256";"1960";"Wnorowska";"Agnieszka";"6";"P.L.Q./Q.L.P.";"4017";"8.82";"0"
"256";"1473";"Downey";"Pierre-Olivier";"10";"P.V.Q./G.P.Q.";"701";"1.54";"0"
"256";"1903";"Hillel";"Vincent";"34";"N.P.D.Q.";"403";"0.88";"0"
"256";"1513";"Benoit";"Lisette";"22";"P.C.Q./C.P.Q.";"380";"0.83";"0"
"300";"1300";"Melançon";"Isabelle";"6";"P.L.Q./Q.L.P.";"11054";"35.51";"3597"
"300";"1421";"Roy";"Vanessa";"40";"Q.S.";"7457";"23.95";"0"
"300";"1404";"Leduc";"Nicole";"27";"C.A.Q.-É.F.L.";"6343";"20.38";"0"
"300";"1672";"Fortier";"Constantin";"8";"P.Q.";"3929";"12.62";"0"
"300";"1614";"Tyrrell";"Alex";"10";"P.V.Q./G.P.Q.";"1157";"3.72";"0"
"300";"1921";"Fortin";"Raphaël";"34";"N.P.D.Q.";"717";"2.3";"0"
"300";"2037";"Moryoussef";"Yedidya-Eitan";"22";"P.C.Q./C.P.Q.";"217";"0.7";"0"
"300";"1911";"Milette";"Marc-André";"23";"P.N.";"151";"0.49";"0"
"300";"2021";"Richard";"Hugo";"2";"B.P.";"76";"0.24";"0"
"300";"1498";"Studd";"Eileen";"7";"P.M.L.Q.";"29";"0.09";"0"
"358";"1666";"Benjamin";"Frantz";"6";"P.L.Q./Q.L.P.";"10113";"46.63";"4837"
"358";"1761";"Lafrenière";"Sylvain";"40";"Q.S.";"5276";"24.33";"0"
"358";"1359";"Gaspard";"Janny";"27";"C.A.Q.-É.F.L.";"3411";"15.73";"0"
"358";"1934";"Sanon";"Mounddy";"8";"P.Q.";"1803";"8.31";"0"
"358";"1738";"Ahmed";"Mamoun";"34";"N.P.D.Q.";"494";"2.28";"0"
"358";"2124";"St-Onge";"Patrick";"22";"P.C.Q./C.P.Q.";"274";"1.26";"0"
"358";"2068";"Pépino";"Hugo";"2";"B.P.";"162";"0.75";"0"
"358";"1893";"Bernardo";"Beverly";"0";"Ind";"153";"0.71";"0"
"476";"1250";"Rousselle";"Jean";"6";"P.L.Q./Q.L.P.";"11474";"36.69";"567"
"476";"1251";"Reeves";"Michel";"27";"C.A.Q.-É.F.L.";"10907";"34.87";"0"
"476";"1348";"Moreau";"Sylvie";"8";"P.Q.";"3875";"12.39";"0"
"476";"1958";"Trottier-Gascon";"Caroline";"40";"Q.S.";"3602";"11.52";"0"
"476";"1769";"Messier";"Mélanie";"10";"P.V.Q./G.P.Q.";"652";"2.08";"0"
"476";"2071";"Landerman";"Rachel";"22";"P.C.Q./C.P.Q.";"291";"0.93";"0"
"476";"2080";"Kocini";"Andriana";"34";"N.P.D.Q.";"230";"0.74";"0"
"476";"1898";"Demers";"Rachel";"31";"C.P.Q.";"131";"0.42";"0"
"476";"1573";"Boyer";"Jean-Marc";"0";"Ind";"115";"0.37";"0"
"332";"1951";"Maccarone";"Jennifer";"6";"P.L.Q./Q.L.P.";"14547";"66.71";"12311"
"332";"1747";"Piskunova";"Ekaterina";"40";"Q.S.";"2236";"10.25";"0"
"332";"1287";"Morin";"Michelle";"27";"C.A.Q.-É.F.L.";"2110";"9.68";"0"
"332";"1617";"Benoit";"J. Marion";"8";"P.Q.";"1105";"5.07";"0"
"332";"2111";"Kuhn";"Samuel Dajakran";"10";"P.V.Q./G.P.Q.";"730";"3.35";"0"
"332";"1476";"Lawson";"Nicholas Peter";"34";"N.P.D.Q.";"598";"2.74";"0"
"332";"1834";"Colangelo Lauzon";"Mikey";"22";"P.C.Q./C.P.Q.";"479";"2.2";"0"
